IndicatorCode,Indicator,ValueType,ParentLocationCode,ParentLocation,Location type,SpatialDimValueCode,Location,Period type,Period,IsLatestYear,Dim1 type,Dim1,Dim1ValueCode,Dim2 type,Dim2,Dim2ValueCode,Dim3 type,Dim3,Dim3ValueCode,DataSourceDimValueCode,DataSource,FactValueNumericPrefix,FactValueNumeric,FactValueUoM,FactValueNumericLowPrefix,FactValueNumericLow,FactValueNumericHighPrefix,FactValueNumericHigh,Value,FactValueTranslationID,FactComments,Language,DateModified
NCD_CHOL_MEANHDL_C,"Mean HDL cholesterol, crude",numeric,EUR,Europe,Country,ALB,Albania,Year,2013,FALSE,Sex,Both sexes,BTSX,,,,,,,,,,1.4,,,1.2,,1.5,1.4 [1.2 – 1.5],,,EN,2021-06-20T23:00:00.000Z
NCD_CHOL_MEANHDL_C,"Mean HDL cholesterol, crude",numeric,EUR,Europe,Country,ALB,Albania,Year,2012,FALSE,Sex,Both sexes,BTSX,,,,,,,,,,1.4,,,1.2,,1.5,1.4 [1.2 – 1.5],,,EN,2021-06-20T23:00:00.000Z
NCD_CHOL_MEANHDL_C,"Mean HDL cholesterol, crude",numeric,EUR,Europe,Country,ALB,Albania,Year,2011,FALSE,Sex,Both sexes,BTSX,,,,,,,,,,1.4,,,1.2,,1.5,1.4 [1.2 – 1.5],,,EN,2021-06-20T23:00:00.000Z
NCD_CHOL_MEANHDL_C,"Mean HDL cholesterol, crude",numeric,EUR,Europe,Country,ALB,Albania,Year,2010,FALSE,Sex,Both sexes,BTSX,,,,,,,,,,1.4,,,1.2,,1.5,1.4 [1.2 – 1.5],,,EN,2021-06-20T23:00:00.000Z
NCD_CHOL_MEANHDL_C,"Mean HDL cholesterol, crude",numeric,EUR,Europe,Country,ALB,Albania,Year,2009,FALSE,Sex,Both sexes,BTSX,,,,,,,,,,1.4,,,1.2,,1.5,1.4 [1.2 – 1.5],,,EN,2021-06-20T23:00:00.000Z
NCD_CHOL_MEANHDL_C,"Mean HDL cholesterol, crude",numeric,EUR,Europe,Country,ALB,Albania,Year,2008,FALSE,Sex,Both sexes,BTSX,,,,,,,,,,1.4,,,1.2,,1.5,1.4 [1.2 – 1.5],,,EN,2021-06-20T23:00:00.000Z
NCD_CHOL_MEANHDL_C,"Mean HDL cholesterol, crude",numeric,EUR,Europe,Country,ALB,Albania,Year,2007,FALSE,Sex,Both sexes,BTSX,,,,,,,,,,1.4,,,1.2,,1.5,1.4 [1.2 – 1.5],,,EN,2021-06-20T23:00:00.000Z
NCD_CHOL_MEANHDL_C,"Mean HDL cholesterol, crude",numeric,EUR,Europe,Country,ALB,Albania,Year,2006,FALSE,Sex,Both sexes,BTSX,,,,,,,,,,1.4,,,1.2,,1.5,1.4 [1.2 – 1.5],,,EN,2021-06-20T23:00:00.000Z
NCD_CHOL_MEANHDL_C,"Mean HDL cholesterol, crude",numeric,EUR,Europe,Country,ALB,Albania,Year,2005,FALSE,Sex,Both sexes,BTSX,,,,,,,,,,1.4,,,1.2,,1.5,1.4 [1.2 – 1.5],,,EN,2021-06-20T23:00:00.000Z
NCD_CHOL_MEANHDL_C,"Mean HDL cholesterol, crude",numeric,EUR,Europe,Country,ALB,Albania,Year,2004,FALSE,Sex,Both sexes,BTSX,,,,,,,,,,1.4,,,1.2,,1.5,1.4 [1.2 – 1.5],,,EN,2021-06-20T23:00:00.000Z
NCD_CHOL_MEANHDL_C,"Mean HDL cholesterol, crude",numeric,EUR,Europe,Country,ALB,Albania,Year,2003,FALSE,Sex,Both sexes,BTSX,,,,,,,,,,1.4,,,1.2,,1.5,1.4 [1.2 – 1.5],,,EN,2021-06-20T23:00:00.000Z
NCD_CHOL_MEANHDL_C,"Mean HDL cholesterol, crude",numeric,EUR,Europe,Country,ALB,Albania,Year,2002,FALSE,Sex,Both sexes,BTSX,,,,,,,,,,1.4,,,1.2,,1.5,1.4 [1.2 – 1.5],,,EN,2021-06-20T23:00:00.000Z
NCD_CHOL_MEANHDL_C,"Mean HDL cholesterol, crude",numeric,EUR,Europe,Country,ALB,Albania,Year,2001,FALSE,Sex,Both sexes,BTSX,,,,,,,,,,1.4,,,1.2,,1.5,1.4 [1.2 – 1.5],,,EN,2021-06-20T23:00:00.000Z
NCD_CHOL_MEANHDL_C,"Mean HDL cholesterol, crude",numeric,EUR,Europe,Country,ARM,Armenia,Year,2013,FALSE,Sex,Both sexes,BTSX,,,,,,,,,,1.1,,,1.1,,1.2,1.1 [1.1 – 1.2],,,EN,2021-06-20T23:00:00.000Z
NCD_CHOL_MEANHDL_C,"Mean HDL cholesterol, crude",numeric,EUR,Europe,Country,ARM,Armenia,Year,2012,FALSE,Sex,Both sexes,BTSX,,,,,,,,,,1.1,,,1.1,,1.2,1.1 [1.1 – 1.2],,,EN,2021-06-20T23:00:00.000Z
NCD_CHOL_MEANHDL_C,"Mean HDL cholesterol, crude",numeric,EUR,Europe,Country,ARM,Armenia,Year,2011,FALSE,Sex,Both sexes,BTSX,,,,,,,,,,1.1,,,1,,1.2,1.1 [1 – 1.2],,,EN,2021-06-20T23:00:00.000Z
NCD_CHOL_MEANHDL_C,"Mean HDL cholesterol, crude",numeric,EUR,Europe,Country,ARM,Armenia,Year,2010,FALSE,Sex,Both sexes,BTSX,,,,,,,,,,1.1,,,1,,1.2,1.1 [1 – 1.2],,,EN,2021-06-20T23:00:00.000Z
NCD_CHOL_MEANHDL_C,"Mean HDL cholesterol, crude",numeric,EUR,Europe,Country,ARM,Armenia,Year,2009,FALSE,Sex,Both sexes,BTSX,,,,,,,,,,1.1,,,1,,1.2,1.1 [1 – 1.2],,,EN,2021-06-20T23:00:00.000Z
NCD_CHOL_MEANHDL_C,"Mean HDL cholesterol, crude",numeric,EUR,Europe,Country,ARM,Armenia,Year,2008,FALSE,Sex,Both sexes,BTSX,,,,,,,,,,1.1,,,1,,1.2,1.1 [1 – 1.2],,,EN,2021-06-20T23:00:00.000Z
NCD_CHOL_MEANHDL_C,"Mean HDL cholesterol, crude",numeric,EUR,Europe,Country,ARM,Armenia,Year,2007,FALSE,Sex,Both sexes,BTSX,,,,,,,,,,1.1,,,1,,1.2,1.1 [1 – 1.2],,,EN,2021-06-20T23:00:00.000Z
NCD_CHOL_MEANHDL_C,"Mean HDL cholesterol, crude",numeric,EUR,Europe,Country,ARM,Armenia,Year,2006,FALSE,Sex,Both sexes,BTSX,,,,,,,,,,1.1,,,1,,1.2,1.1 [1 – 1.2],,,EN,2021-06-20T23:00:00.000Z
NCD_CHOL_MEANHDL_C,"Mean HDL cholesterol, crude",numeric,EUR,Europe,Country,ARM,Armenia,Year,2005,FALSE,Sex,Both sexes,BTSX,,,,,,,,,,1.1,,,1,,1.3,1.1 [1 – 1.3],,,EN,2021-06-20T23:00:00.000Z
NCD_CHOL_MEANHDL_C,"Mean HDL cholesterol, crude",numeric,EUR,Europe,Country,ARM,Armenia,Year,2004,FALSE,Sex,Both sexes,BTSX,,,,,,,,,,1.1,,,1,,1.3,1.1 [1 – 1.3],,,EN,2021-06-20T23:00:00.000Z
NCD_CHOL_MEANHDL_C,"Mean HDL cholesterol, crude",numeric,EUR,Europe,Country,ARM,Armenia,Year,2003,FALSE,Sex,Both sexes,BTSX,,,,,,,,,,1.1,,,1,,1.2,1.1 [1 – 1.2],,,EN,2021-06-20T23:00:00.000Z
NCD_CHOL_MEANHDL_C,"Mean HDL cholesterol, crude",numeric,EUR,Europe,Country,ARM,Armenia,Year,2002,FALSE,Sex,Both sexes,BTSX,,,,,,,,,,1.1,,,1,,1.2,1.1 [1 – 1.2],,,EN,2021-06-20T23:00:00.000Z
NCD_CHOL_MEANHDL_C,"Mean HDL cholesterol, crude",numeric,EUR,Europe,Country,ARM,Armenia,Year,2001,FALSE,Sex,Both sexes,BTSX,,,,,,,,,,1.1,,,1,,1.2,1.1 [1 – 1.2],,,EN,2021-06-20T23:00:00.000Z
NCD_CHOL_MEANHDL_C,"Mean HDL cholesterol, crude",numeric,EUR,Europe,Country,AUT,Austria,Year,2013,FALSE,Sex,Both sexes,BTSX,,,,,,,,,,1.5,,,1.4,,1.6,1.5 [1.4 – 1.6],,,EN,2021-06-20T23:00:00.000Z
NCD_CHOL_MEANHDL_C,"Mean HDL cholesterol, crude",numeric,EUR,Europe,Country,AUT,Austria,Year,2012,FALSE,Sex,Both sexes,BTSX,,,,,,,,,,1.5,,,1.4,,1.6,1.5 [1.4 – 1.6],,,EN,2021-06-20T23:00:00.000Z
NCD_CHOL_MEANHDL_C,"Mean HDL cholesterol, crude",numeric,EUR,Europe,Country,AUT,Austria,Year,2011,FALSE,Sex,Both sexes,BTSX,,,,,,,,,,1.5,,,1.4,,1.6,1.5 [1.4 – 1.6],,,EN,2021-06-20T23:00:00.000Z
NCD_CHOL_MEANHDL_C,"Mean HDL cholesterol, crude",numeric,EUR,Europe,Country,AUT,Austria,Year,2010,FALSE,Sex,Both sexes,BTSX,,,,,,,,,,1.5,,,1.4,,1.6,1.5 [1.4 – 1.6],,,EN,2021-06-20T23:00:00.000Z
NCD_CHOL_MEANHDL_C,"Mean HDL cholesterol, crude",numeric,EUR,Europe,Country,AUT,Austria,Year,2009,FALSE,Sex,Both sexes,BTSX,,,,,,,,,,1.5,,,1.4,,1.6,1.5 [1.4 – 1.6],,,EN,2021-06-20T23:00:00.000Z
NCD_CHOL_MEANHDL_C,"Mean HDL cholesterol, crude",numeric,EUR,Europe,Country,AUT,Austria,Year,2008,FALSE,Sex,Both sexes,BTSX,,,,,,,,,,1.5,,,1.4,,1.6,1.5 [1.4 – 1.6],,,EN,2021-06-20T23:00:00.000Z
NCD_CHOL_MEANHDL_C,"Mean HDL cholesterol, crude",numeric,EUR,Europe,Country,AUT,Austria,Year,2007,FALSE,Sex,Both sexes,BTSX,,,,,,,,,,1.5,,,1.4,,1.6,1.5 [1.4 – 1.6],,,EN,2021-06-20T23:00:00.000Z
NCD_CHOL_MEANHDL_C,"Mean HDL cholesterol, crude",numeric,EUR,Europe,Country,AUT,Austria,Year,2006,FALSE,Sex,Both sexes,BTSX,,,,,,,,,,1.5,,,1.4,,1.6,1.5 [1.4 – 1.6],,,EN,2021-06-20T23:00:00.000Z
NCD_CHOL_MEANHDL_C,"Mean HDL cholesterol, crude",numeric,EUR,Europe,Country,AUT,Austria,Year,2005,FALSE,Sex,Both sexes,BTSX,,,,,,,,,,1.5,,,1.4,,1.6,1.5 [1.4 – 1.6],,,EN,2021-06-20T23:00:00.000Z
NCD_CHOL_MEANHDL_C,"Mean HDL cholesterol, crude",numeric,EUR,Europe,Country,AUT,Austria,Year,2004,FALSE,Sex,Both sexes,BTSX,,,,,,,,,,1.5,,,1.4,,1.6,1.5 [1.4 – 1.6],,,EN,2021-06-20T23:00:00.000Z
NCD_CHOL_MEANHDL_C,"Mean HDL cholesterol, crude",numeric,EUR,Europe,Country,AUT,Austria,Year,2003,FALSE,Sex,Both sexes,BTSX,,,,,,,,,,1.5,,,1.4,,1.6,1.5 [1.4 – 1.6],,,EN,2021-06-20T23:00:00.000Z
NCD_CHOL_MEANHDL_C,"Mean HDL cholesterol, crude",numeric,EUR,Europe,Country,AUT,Austria,Year,2002,FALSE,Sex,Both sexes,BTSX,,,,,,,,,,1.5,,,1.4,,1.6,1.5 [1.4 – 1.6],,,EN,2021-06-20T23:00:00.000Z
NCD_CHOL_MEANHDL_C,"Mean HDL cholesterol, crude",numeric,EUR,Europe,Country,AUT,Austria,Year,2001,FALSE,Sex,Both sexes,BTSX,,,,,,,,,,1.5,,,1.4,,1.6,1.5 [1.4 – 1.6],,,EN,2021-06-20T23:00:00.000Z
NCD_CHOL_MEANHDL_C,"Mean HDL cholesterol, crude",numeric,EUR,Europe,Country,BEL,Belgium,Year,2013,FALSE,Sex,Both sexes,BTSX,,,,,,,,,,1.4,,,1.4,,1.5,1.4 [1.4 – 1.5],,,EN,2021-06-20T23:00:00.000Z
NCD_CHOL_MEANHDL_C,"Mean HDL cholesterol, crude",numeric,EUR,Europe,Country,BEL,Belgium,Year,2012,FALSE,Sex,Both sexes,BTSX,,,,,,,,,,1.4,,,1.4,,1.5,1.4 [1.4 – 1.5],,,EN,2021-06-20T23:00:00.000Z
NCD_CHOL_MEANHDL_C,"Mean HDL cholesterol, crude",numeric,EUR,Europe,Country,BEL,Belgium,Year,2011,FALSE,Sex,Both sexes,BTSX,,,,,,,,,,1.4,,,1.4,,1.5,1.4 [1.4 – 1.5],,,EN,2021-06-20T23:00:00.000Z
NCD_CHOL_MEANHDL_C,"Mean HDL cholesterol, crude",numeric,EUR,Europe,Country,BEL,Belgium,Year,2010,FALSE,Sex,Both sexes,BTSX,,,,,,,,,,1.4,,,1.4,,1.5,1.4 [1.4 – 1.5],,,EN,2021-06-20T23:00:00.000Z
NCD_CHOL_MEANHDL_C,"Mean HDL cholesterol, crude",numeric,EUR,Europe,Country,BEL,Belgium,Year,2009,FALSE,Sex,Both sexes,BTSX,,,,,,,,,,1.4,,,1.4,,1.5,1.4 [1.4 – 1.5],,,EN,2021-06-20T23:00:00.000Z
NCD_CHOL_MEANHDL_C,"Mean HDL cholesterol, crude",numeric,EUR,Europe,Country,BEL,Belgium,Year,2008,FALSE,Sex,Both sexes,BTSX,,,,,,,,,,1.4,,,1.4,,1.5,1.4 [1.4 – 1.5],,,EN,2021-06-20T23:00:00.000Z
NCD_CHOL_MEANHDL_C,"Mean HDL cholesterol, crude",numeric,EUR,Europe,Country,BEL,Belgium,Year,2007,FALSE,Sex,Both sexes,BTSX,,,,,,,,,,1.4,,,1.4,,1.5,1.4 [1.4 – 1.5],,,EN,2021-06-20T23:00:00.000Z
NCD_CHOL_MEANHDL_C,"Mean HDL cholesterol, crude",numeric,EUR,Europe,Country,BEL,Belgium,Year,2006,FALSE,Sex,Both sexes,BTSX,,,,,,,,,,1.4,,,1.4,,1.5,1.4 [1.4 – 1.5],,,EN,2021-06-20T23:00:00.000Z
NCD_CHOL_MEANHDL_C,"Mean HDL cholesterol, crude",numeric,EUR,Europe,Country,BEL,Belgium,Year,2005,FALSE,Sex,Both sexes,BTSX,,,,,,,,,,1.4,,,1.3,,1.4,1.4 [1.3 – 1.4],,,EN,2021-06-20T23:00:00.000Z
NCD_CHOL_MEANHDL_C,"Mean HDL cholesterol, crude",numeric,EUR,Europe,Country,BEL,Belgium,Year,2004,FALSE,Sex,Both sexes,BTSX,,,,,,,,,,1.4,,,1.3,,1.4,1.4 [1.3 – 1.4],,,EN,2021-06-20T23:00:00.000Z
NCD_CHOL_MEANHDL_C,"Mean HDL cholesterol, crude",numeric,EUR,Europe,Country,BEL,Belgium,Year,2003,FALSE,Sex,Both sexes,BTSX,,,,,,,,,,1.4,,,1.3,,1.4,1.4 [1.3 – 1.4],,,EN,2021-06-20T23:00:00.000Z
NCD_CHOL_MEANHDL_C,"Mean HDL cholesterol, crude",numeric,EUR,Europe,Country,BEL,Belgium,Year,2002,FALSE,Sex,Both sexes,BTSX,,,,,,,,,,1.4,,,1.3,,1.4,1.4 [1.3 – 1.4],,,EN,2021-06-20T23:00:00.000Z
NCD_CHOL_MEANHDL_C,"Mean HDL cholesterol, crude",numeric,EUR,Europe,Country,BEL,Belgium,Year,2001,FALSE,Sex,Both sexes,BTSX,,,,,,,,,,1.4,,,1.3,,1.4,1.4 [1.3 – 1.4],,,EN,2021-06-20T23:00:00.000Z
NCD_CHOL_MEANHDL_C,"Mean HDL cholesterol, crude",numeric,EUR,Europe,Country,BGR,Bulgaria,Year,2013,FALSE,Sex,Both sexes,BTSX,,,,,,,,,,1.4,,,1.3,,1.6,1.4 [1.3 – 1.6],,,EN,2021-06-20T23:00:00.000Z
NCD_CHOL_MEANHDL_C,"Mean HDL cholesterol, crude",numeric,EUR,Europe,Country,BGR,Bulgaria,Year,2012,FALSE,Sex,Both sexes,BTSX,,,,,,,,,,1.4,,,1.3,,1.6,1.4 [1.3 – 1.6],,,EN,2021-06-20T23:00:00.000Z
NCD_CHOL_MEANHDL_C,"Mean HDL cholesterol, crude",numeric,EUR,Europe,Country,BGR,Bulgaria,Year,2011,FALSE,Sex,Both sexes,BTSX,,,,,,,,,,1.4,,,1.3,,1.6,1.4 [1.3 – 1.6],,,EN,2021-06-20T23:00:00.000Z
NCD_CHOL_MEANHDL_C,"Mean HDL cholesterol, crude",numeric,EUR,Europe,Country,BGR,Bulgaria,Year,2010,FALSE,Sex,Both sexes,BTSX,,,,,,,,,,1.4,,,1.3,,1.6,1.4 [1.3 – 1.6],,,EN,2021-06-20T23:00:00.000Z
NCD_CHOL_MEANHDL_C,"Mean HDL cholesterol, crude",numeric,EUR,Europe,Country,BGR,Bulgaria,Year,2009,FALSE,Sex,Both sexes,BTSX,,,,,,,,,,1.4,,,1.3,,1.5,1.4 [1.3 – 1.5],,,EN,2021-06-20T23:00:00.000Z
NCD_CHOL_MEANHDL_C,"Mean HDL cholesterol, crude",numeric,EUR,Europe,Country,BGR,Bulgaria,Year,2008,FALSE,Sex,Both sexes,BTSX,,,,,,,,,,1.4,,,1.3,,1.5,1.4 [1.3 – 1.5],,,EN,2021-06-20T23:00:00.000Z
NCD_CHOL_MEANHDL_C,"Mean HDL cholesterol, crude",numeric,EUR,Europe,Country,BGR,Bulgaria,Year,2007,FALSE,Sex,Both sexes,BTSX,,,,,,,,,,1.4,,,1.3,,1.5,1.4 [1.3 – 1.5],,,EN,2021-06-20T23:00:00.000Z
NCD_CHOL_MEANHDL_C,"Mean HDL cholesterol, crude",numeric,EUR,Europe,Country,BGR,Bulgaria,Year,2006,FALSE,Sex,Both sexes,BTSX,,,,,,,,,,1.4,,,1.3,,1.5,1.4 [1.3 – 1.5],,,EN,2021-06-20T23:00:00.000Z
NCD_CHOL_MEANHDL_C,"Mean HDL cholesterol, crude",numeric,EUR,Europe,Country,BGR,Bulgaria,Year,2005,FALSE,Sex,Both sexes,BTSX,,,,,,,,,,1.4,,,1.3,,1.5,1.4 [1.3 – 1.5],,,EN,2021-06-20T23:00:00.000Z
NCD_CHOL_MEANHDL_C,"Mean HDL cholesterol, crude",numeric,EUR,Europe,Country,BGR,Bulgaria,Year,2004,FALSE,Sex,Both sexes,BTSX,,,,,,,,,,1.4,,,1.3,,1.5,1.4 [1.3 – 1.5],,,EN,2021-06-20T23:00:00.000Z
NCD_CHOL_MEANHDL_C,"Mean HDL cholesterol, crude",numeric,EUR,Europe,Country,BGR,Bulgaria,Year,2003,FALSE,Sex,Both sexes,BTSX,,,,,,,,,,1.4,,,1.3,,1.5,1.4 [1.3 – 1.5],,,EN,2021-06-20T23:00:00.000Z
NCD_CHOL_MEANHDL_C,"Mean HDL cholesterol, crude",numeric,EUR,Europe,Country,BGR,Bulgaria,Year,2002,FALSE,Sex,Both sexes,BTSX,,,,,,,,,,1.4,,,1.3,,1.5,1.4 [1.3 – 1.5],,,EN,2021-06-20T23:00:00.000Z
NCD_CHOL_MEANHDL_C,"Mean HDL cholesterol, crude",numeric,EUR,Europe,Country,BGR,Bulgaria,Year,2001,FALSE,Sex,Both sexes,BTSX,,,,,,,,,,1.4,,,1.3,,1.5,1.4 [1.3 – 1.5],,,EN,2021-06-20T23:00:00.000Z
NCD_CHOL_MEANHDL_C,"Mean HDL cholesterol, crude",numeric,EUR,Europe,Country,HRV,Croatia,Year,2013,FALSE,Sex,Both sexes,BTSX,,,,,,,,,,1.5,,,1.4,,1.5,1.5 [1.4 – 1.5],,,EN,2021-06-20T23:00:00.000Z
NCD_CHOL_MEANHDL_C,"Mean HDL cholesterol, crude",numeric,EUR,Europe,Country,HRV,Croatia,Year,2012,FALSE,Sex,Both sexes,BTSX,,,,,,,,,,1.5,,,1.4,,1.5,1.5 [1.4 – 1.5],,,EN,2021-06-20T23:00:00.000Z
NCD_CHOL_MEANHDL_C,"Mean HDL cholesterol, crude",numeric,EUR,Europe,Country,HRV,Croatia,Year,2011,FALSE,Sex,Both sexes,BTSX,,,,,,,,,,1.5,,,1.4,,1.5,1.5 [1.4 – 1.5],,,EN,2021-06-20T23:00:00.000Z
NCD_CHOL_MEANHDL_C,"Mean HDL cholesterol, crude",numeric,EUR,Europe,Country,HRV,Croatia,Year,2010,FALSE,Sex,Both sexes,BTSX,,,,,,,,,,1.5,,,1.4,,1.5,1.5 [1.4 – 1.5],,,EN,2021-06-20T23:00:00.000Z
NCD_CHOL_MEANHDL_C,"Mean HDL cholesterol, crude",numeric,EUR,Europe,Country,HRV,Croatia,Year,2009,FALSE,Sex,Both sexes,BTSX,,,,,,,,,,1.5,,,1.4,,1.5,1.5 [1.4 – 1.5],,,EN,2021-06-20T23:00:00.000Z
NCD_CHOL_MEANHDL_C,"Mean HDL cholesterol, crude",numeric,EUR,Europe,Country,HRV,Croatia,Year,2008,FALSE,Sex,Both sexes,BTSX,,,,,,,,,,1.5,,,1.4,,1.5,1.5 [1.4 – 1.5],,,EN,2021-06-20T23:00:00.000Z
NCD_CHOL_MEANHDL_C,"Mean HDL cholesterol, crude",numeric,EUR,Europe,Country,HRV,Croatia,Year,2007,FALSE,Sex,Both sexes,BTSX,,,,,,,,,,1.5,,,1.4,,1.5,1.5 [1.4 – 1.5],,,EN,2021-06-20T23:00:00.000Z
NCD_CHOL_MEANHDL_C,"Mean HDL cholesterol, crude",numeric,EUR,Europe,Country,HRV,Croatia,Year,2006,FALSE,Sex,Both sexes,BTSX,,,,,,,,,,1.5,,,1.4,,1.5,1.5 [1.4 – 1.5],,,EN,2021-06-20T23:00:00.000Z
NCD_CHOL_MEANHDL_C,"Mean HDL cholesterol, crude",numeric,EUR,Europe,Country,HRV,Croatia,Year,2005,FALSE,Sex,Both sexes,BTSX,,,,,,,,,,1.5,,,1.4,,1.5,1.5 [1.4 – 1.5],,,EN,2021-06-20T23:00:00.000Z
NCD_CHOL_MEANHDL_C,"Mean HDL cholesterol, crude",numeric,EUR,Europe,Country,HRV,Croatia,Year,2004,FALSE,Sex,Both sexes,BTSX,,,,,,,,,,1.5,,,1.4,,1.5,1.5 [1.4 – 1.5],,,EN,2021-06-20T23:00:00.000Z
NCD_CHOL_MEANHDL_C,"Mean HDL cholesterol, crude",numeric,EUR,Europe,Country,HRV,Croatia,Year,2003,FALSE,Sex,Both sexes,BTSX,,,,,,,,,,1.4,,,1.4,,1.5,1.4 [1.4 – 1.5],,,EN,2021-06-20T23:00:00.000Z
NCD_CHOL_MEANHDL_C,"Mean HDL cholesterol, crude",numeric,EUR,Europe,Country,HRV,Croatia,Year,2002,FALSE,Sex,Both sexes,BTSX,,,,,,,,,,1.4,,,1.4,,1.5,1.4 [1.4 – 1.5],,,EN,2021-06-20T23:00:00.000Z
NCD_CHOL_MEANHDL_C,"Mean HDL cholesterol, crude",numeric,EUR,Europe,Country,HRV,Croatia,Year,2001,FALSE,Sex,Both sexes,BTSX,,,,,,,,,,1.4,,,1.4,,1.5,1.4 [1.4 – 1.5],,,EN,2021-06-20T23:00:00.000Z
NCD_CHOL_MEANHDL_C,"Mean HDL cholesterol, crude",numeric,EUR,Europe,Country,CZE,Czechia,Year,2013,FALSE,Sex,Both sexes,BTSX,,,,,,,,,,1.5,,,1.4,,1.5,1.5 [1.4 – 1.5],,,EN,2021-06-20T23:00:00.000Z
NCD_CHOL_MEANHDL_C,"Mean HDL cholesterol, crude",numeric,EUR,Europe,Country,CZE,Czechia,Year,2012,FALSE,Sex,Both sexes,BTSX,,,,,,,,,,1.5,,,1.4,,1.5,1.5 [1.4 – 1.5],,,EN,2021-06-20T23:00:00.000Z
NCD_CHOL_MEANHDL_C,"Mean HDL cholesterol, crude",numeric,EUR,Europe,Country,CZE,Czechia,Year,2011,FALSE,Sex,Both sexes,BTSX,,,,,,,,,,1.4,,,1.4,,1.5,1.4 [1.4 – 1.5],,,EN,2021-06-20T23:00:00.000Z
NCD_CHOL_MEANHDL_C,"Mean HDL cholesterol, crude",numeric,EUR,Europe,Country,CZE,Czechia,Year,2010,FALSE,Sex,Both sexes,BTSX,,,,,,,,,,1.4,,,1.4,,1.5,1.4 [1.4 – 1.5],,,EN,2021-06-20T23:00:00.000Z
NCD_CHOL_MEANHDL_C,"Mean HDL cholesterol, crude",numeric,EUR,Europe,Country,CZE,Czechia,Year,2009,FALSE,Sex,Both sexes,BTSX,,,,,,,,,,1.4,,,1.4,,1.5,1.4 [1.4 – 1.5],,,EN,2021-06-20T23:00:00.000Z
NCD_CHOL_MEANHDL_C,"Mean HDL cholesterol, crude",numeric,EUR,Europe,Country,CZE,Czechia,Year,2008,FALSE,Sex,Both sexes,BTSX,,,,,,,,,,1.4,,,1.4,,1.5,1.4 [1.4 – 1.5],,,EN,2021-06-20T23:00:00.000Z
NCD_CHOL_MEANHDL_C,"Mean HDL cholesterol, crude",numeric,EUR,Europe,Country,CZE,Czechia,Year,2007,FALSE,Sex,Both sexes,BTSX,,,,,,,,,,1.4,,,1.4,,1.5,1.4 [1.4 – 1.5],,,EN,2021-06-20T23:00:00.000Z
NCD_CHOL_MEANHDL_C,"Mean HDL cholesterol, crude",numeric,EUR,Europe,Country,CZE,Czechia,Year,2006,FALSE,Sex,Both sexes,BTSX,,,,,,,,,,1.4,,,1.4,,1.5,1.4 [1.4 – 1.5],,,EN,2021-06-20T23:00:00.000Z
NCD_CHOL_MEANHDL_C,"Mean HDL cholesterol, crude",numeric,EUR,Europe,Country,CZE,Czechia,Year,2005,FALSE,Sex,Both sexes,BTSX,,,,,,,,,,1.4,,,1.4,,1.5,1.4 [1.4 – 1.5],,,EN,2021-06-20T23:00:00.000Z
NCD_CHOL_MEANHDL_C,"Mean HDL cholesterol, crude",numeric,EUR,Europe,Country,CZE,Czechia,Year,2004,FALSE,Sex,Both sexes,BTSX,,,,,,,,,,1.4,,,1.4,,1.5,1.4 [1.4 – 1.5],,,EN,2021-06-20T23:00:00.000Z
NCD_CHOL_MEANHDL_C,"Mean HDL cholesterol, crude",numeric,EUR,Europe,Country,CZE,Czechia,Year,2003,FALSE,Sex,Both sexes,BTSX,,,,,,,,,,1.4,,,1.4,,1.5,1.4 [1.4 – 1.5],,,EN,2021-06-20T23:00:00.000Z
NCD_CHOL_MEANHDL_C,"Mean HDL cholesterol, crude",numeric,EUR,Europe,Country,CZE,Czechia,Year,2002,FALSE,Sex,Both sexes,BTSX,,,,,,,,,,1.4,,,1.4,,1.5,1.4 [1.4 – 1.5],,,EN,2021-06-20T23:00:00.000Z
NCD_CHOL_MEANHDL_C,"Mean HDL cholesterol, crude",numeric,EUR,Europe,Country,CZE,Czechia,Year,2001,FALSE,Sex,Both sexes,BTSX,,,,,,,,,,1.4,,,1.4,,1.5,1.4 [1.4 – 1.5],,,EN,2021-06-20T23:00:00.000Z
NCD_CHOL_MEANHDL_C,"Mean HDL cholesterol, crude",numeric,EUR,Europe,Country,DNK,Denmark,Year,2013,FALSE,Sex,Both sexes,BTSX,,,,,,,,,,1.5,,,1.4,,1.5,1.5 [1.4 – 1.5],,,EN,2021-06-20T23:00:00.000Z
NCD_CHOL_MEANHDL_C,"Mean HDL cholesterol, crude",numeric,EUR,Europe,Country,DNK,Denmark,Year,2012,FALSE,Sex,Both sexes,BTSX,,,,,,,,,,1.5,,,1.4,,1.5,1.5 [1.4 – 1.5],,,EN,2021-06-20T23:00:00.000Z
NCD_CHOL_MEANHDL_C,"Mean HDL cholesterol, crude",numeric,EUR,Europe,Country,DNK,Denmark,Year,2011,FALSE,Sex,Both sexes,BTSX,,,,,,,,,,1.5,,,1.4,,1.5,1.5 [1.4 – 1.5],,,EN,2021-06-20T23:00:00.000Z
NCD_CHOL_MEANHDL_C,"Mean HDL cholesterol, crude",numeric,EUR,Europe,Country,DNK,Denmark,Year,2010,FALSE,Sex,Both sexes,BTSX,,,,,,,,,,1.5,,,1.4,,1.5,1.5 [1.4 – 1.5],,,EN,2021-06-20T23:00:00.000Z
NCD_CHOL_MEANHDL_C,"Mean HDL cholesterol, crude",numeric,EUR,Europe,Country,DNK,Denmark,Year,2009,FALSE,Sex,Both sexes,BTSX,,,,,,,,,,1.5,,,1.4,,1.5,1.5 [1.4 – 1.5],,,EN,2021-06-20T23:00:00.000Z
NCD_CHOL_MEANHDL_C,"Mean HDL cholesterol, crude",numeric,EUR,Europe,Country,DNK,Denmark,Year,2008,FALSE,Sex,Both sexes,BTSX,,,,,,,,,,1.5,,,1.4,,1.5,1.5 [1.4 – 1.5],,,EN,2021-06-20T23:00:00.000Z
NCD_CHOL_MEANHDL_C,"Mean HDL cholesterol, crude",numeric,EUR,Europe,Country,DNK,Denmark,Year,2007,FALSE,Sex,Both sexes,BTSX,,,,,,,,,,1.5,,,1.4,,1.5,1.5 [1.4 – 1.5],,,EN,2021-06-20T23:00:00.000Z
NCD_CHOL_MEANHDL_C,"Mean HDL cholesterol, crude",numeric,EUR,Europe,Country,DNK,Denmark,Year,2006,FALSE,Sex,Both sexes,BTSX,,,,,,,,,,1.5,,,1.4,,1.5,1.5 [1.4 – 1.5],,,EN,2021-06-20T23:00:00.000Z
NCD_CHOL_MEANHDL_C,"Mean HDL cholesterol, crude",numeric,EUR,Europe,Country,DNK,Denmark,Year,2005,FALSE,Sex,Both sexes,BTSX,,,,,,,,,,1.5,,,1.4,,1.5,1.5 [1.4 – 1.5],,,EN,2021-06-20T23:00:00.000Z
NCD_CHOL_MEANHDL_C,"Mean HDL cholesterol, crude",numeric,EUR,Europe,Country,DNK,Denmark,Year,2004,FALSE,Sex,Both sexes,BTSX,,,,,,,,,,1.5,,,1.4,,1.5,1.5 [1.4 – 1.5],,,EN,2021-06-20T23:00:00.000Z
NCD_CHOL_MEANHDL_C,"Mean HDL cholesterol, crude",numeric,EUR,Europe,Country,DNK,Denmark,Year,2003,FALSE,Sex,Both sexes,BTSX,,,,,,,,,,1.5,,,1.4,,1.5,1.5 [1.4 – 1.5],,,EN,2021-06-20T23:00:00.000Z
NCD_CHOL_MEANHDL_C,"Mean HDL cholesterol, crude",numeric,EUR,Europe,Country,DNK,Denmark,Year,2002,FALSE,Sex,Both sexes,BTSX,,,,,,,,,,1.5,,,1.4,,1.5,1.5 [1.4 – 1.5],,,EN,2021-06-20T23:00:00.000Z
NCD_CHOL_MEANHDL_C,"Mean HDL cholesterol, crude",numeric,EUR,Europe,Country,DNK,Denmark,Year,2001,FALSE,Sex,Both sexes,BTSX,,,,,,,,,,1.5,,,1.4,,1.5,1.5 [1.4 – 1.5],,,EN,2021-06-20T23:00:00.000Z
NCD_CHOL_MEANHDL_C,"Mean HDL cholesterol, crude",numeric,EUR,Europe,Country,EST,Estonia,Year,2013,FALSE,Sex,Both sexes,BTSX,,,,,,,,,,1.4,,,1.3,,1.5,1.4 [1.3 – 1.5],,,EN,2021-06-20T23:00:00.000Z
NCD_CHOL_MEANHDL_C,"Mean HDL cholesterol, crude",numeric,EUR,Europe,Country,EST,Estonia,Year,2012,FALSE,Sex,Both sexes,BTSX,,,,,,,,,,1.4,,,1.3,,1.5,1.4 [1.3 – 1.5],,,EN,2021-06-20T23:00:00.000Z
NCD_CHOL_MEANHDL_C,"Mean HDL cholesterol, crude",numeric,EUR,Europe,Country,EST,Estonia,Year,2011,FALSE,Sex,Both sexes,BTSX,,,,,,,,,,1.4,,,1.3,,1.5,1.4 [1.3 – 1.5],,,EN,2021-06-20T23:00:00.000Z
NCD_CHOL_MEANHDL_C,"Mean HDL cholesterol, crude",numeric,EUR,Europe,Country,EST,Estonia,Year,2010,FALSE,Sex,Both sexes,BTSX,,,,,,,,,,1.4,,,1.3,,1.5,1.4 [1.3 – 1.5],,,EN,2021-06-20T23:00:00.000Z
NCD_CHOL_MEANHDL_C,"Mean HDL cholesterol, crude",numeric,EUR,Europe,Country,EST,Estonia,Year,2009,FALSE,Sex,Both sexes,BTSX,,,,,,,,,,1.4,,,1.3,,1.5,1.4 [1.3 – 1.5],,,EN,2021-06-20T23:00:00.000Z
NCD_CHOL_MEANHDL_C,"Mean HDL cholesterol, crude",numeric,EUR,Europe,Country,EST,Estonia,Year,2008,FALSE,Sex,Both sexes,BTSX,,,,,,,,,,1.4,,,1.3,,1.5,1.4 [1.3 – 1.5],,,EN,2021-06-20T23:00:00.000Z
NCD_CHOL_MEANHDL_C,"Mean HDL cholesterol, crude",numeric,EUR,Europe,Country,EST,Estonia,Year,2007,FALSE,Sex,Both sexes,BTSX,,,,,,,,,,1.4,,,1.3,,1.5,1.4 [1.3 – 1.5],,,EN,2021-06-20T23:00:00.000Z
NCD_CHOL_MEANHDL_C,"Mean HDL cholesterol, crude",numeric,EUR,Europe,Country,EST,Estonia,Year,2006,FALSE,Sex,Both sexes,BTSX,,,,,,,,,,1.4,,,1.3,,1.5,1.4 [1.3 – 1.5],,,EN,2021-06-20T23:00:00.000Z
NCD_CHOL_MEANHDL_C,"Mean HDL cholesterol, crude",numeric,EUR,Europe,Country,EST,Estonia,Year,2005,FALSE,Sex,Both sexes,BTSX,,,,,,,,,,1.4,,,1.3,,1.5,1.4 [1.3 – 1.5],,,EN,2021-06-20T23:00:00.000Z
NCD_CHOL_MEANHDL_C,"Mean HDL cholesterol, crude",numeric,EUR,Europe,Country,EST,Estonia,Year,2004,FALSE,Sex,Both sexes,BTSX,,,,,,,,,,1.4,,,1.3,,1.5,1.4 [1.3 – 1.5],,,EN,2021-06-20T23:00:00.000Z
NCD_CHOL_MEANHDL_C,"Mean HDL cholesterol, crude",numeric,EUR,Europe,Country,EST,Estonia,Year,2003,FALSE,Sex,Both sexes,BTSX,,,,,,,,,,1.4,,,1.3,,1.5,1.4 [1.3 – 1.5],,,EN,2021-06-20T23:00:00.000Z
NCD_CHOL_MEANHDL_C,"Mean HDL cholesterol, crude",numeric,EUR,Europe,Country,EST,Estonia,Year,2002,FALSE,Sex,Both sexes,BTSX,,,,,,,,,,1.4,,,1.3,,1.5,1.4 [1.3 – 1.5],,,EN,2021-06-20T23:00:00.000Z
NCD_CHOL_MEANHDL_C,"Mean HDL cholesterol, crude",numeric,EUR,Europe,Country,EST,Estonia,Year,2001,FALSE,Sex,Both sexes,BTSX,,,,,,,,,,1.4,,,1.3,,1.5,1.4 [1.3 – 1.5],,,EN,2021-06-20T23:00:00.000Z
NCD_CHOL_MEANHDL_C,"Mean HDL cholesterol, crude",numeric,EUR,Europe,Country,FIN,Finland,Year,2013,FALSE,Sex,Both sexes,BTSX,,,,,,,,,,1.4,,,1.4,,1.5,1.4 [1.4 – 1.5],,,EN,2021-06-20T23:00:00.000Z
NCD_CHOL_MEANHDL_C,"Mean HDL cholesterol, crude",numeric,EUR,Europe,Country,FIN,Finland,Year,2012,FALSE,Sex,Both sexes,BTSX,,,,,,,,,,1.4,,,1.4,,1.5,1.4 [1.4 – 1.5],,,EN,2021-06-20T23:00:00.000Z
NCD_CHOL_MEANHDL_C,"Mean HDL cholesterol, crude",numeric,EUR,Europe,Country,FIN,Finland,Year,2011,FALSE,Sex,Both sexes,BTSX,,,,,,,,,,1.4,,,1.4,,1.4,1.4 [1.4 – 1.4],,,EN,2021-06-20T23:00:00.000Z
NCD_CHOL_MEANHDL_C,"Mean HDL cholesterol, crude",numeric,EUR,Europe,Country,FIN,Finland,Year,2010,FALSE,Sex,Both sexes,BTSX,,,,,,,,,,1.4,,,1.4,,1.4,1.4 [1.4 – 1.4],,,EN,2021-06-20T23:00:00.000Z
NCD_CHOL_MEANHDL_C,"Mean HDL cholesterol, crude",numeric,EUR,Europe,Country,FIN,Finland,Year,2009,FALSE,Sex,Both sexes,BTSX,,,,,,,,,,1.4,,,1.4,,1.4,1.4 [1.4 – 1.4],,,EN,2021-06-20T23:00:00.000Z
NCD_CHOL_MEANHDL_C,"Mean HDL cholesterol, crude",numeric,EUR,Europe,Country,FIN,Finland,Year,2008,FALSE,Sex,Both sexes,BTSX,,,,,,,,,,1.4,,,1.4,,1.4,1.4 [1.4 – 1.4],,,EN,2021-06-20T23:00:00.000Z
NCD_CHOL_MEANHDL_C,"Mean HDL cholesterol, crude",numeric,EUR,Europe,Country,FIN,Finland,Year,2007,FALSE,Sex,Both sexes,BTSX,,,,,,,,,,1.4,,,1.4,,1.4,1.4 [1.4 – 1.4],,,EN,2021-06-20T23:00:00.000Z
NCD_CHOL_MEANHDL_C,"Mean HDL cholesterol, crude",numeric,EUR,Europe,Country,FIN,Finland,Year,2006,FALSE,Sex,Both sexes,BTSX,,,,,,,,,,1.4,,,1.4,,1.4,1.4 [1.4 – 1.4],,,EN,2021-06-20T23:00:00.000Z
NCD_CHOL_MEANHDL_C,"Mean HDL cholesterol, crude",numeric,EUR,Europe,Country,FIN,Finland,Year,2005,FALSE,Sex,Both sexes,BTSX,,,,,,,,,,1.4,,,1.4,,1.4,1.4 [1.4 – 1.4],,,EN,2021-06-20T23:00:00.000Z
NCD_CHOL_MEANHDL_C,"Mean HDL cholesterol, crude",numeric,EUR,Europe,Country,FIN,Finland,Year,2004,FALSE,Sex,Both sexes,BTSX,,,,,,,,,,1.4,,,1.4,,1.4,1.4 [1.4 – 1.4],,,EN,2021-06-20T23:00:00.000Z
NCD_CHOL_MEANHDL_C,"Mean HDL cholesterol, crude",numeric,EUR,Europe,Country,FIN,Finland,Year,2003,FALSE,Sex,Both sexes,BTSX,,,,,,,,,,1.4,,,1.4,,1.4,1.4 [1.4 – 1.4],,,EN,2021-06-20T23:00:00.000Z
NCD_CHOL_MEANHDL_C,"Mean HDL cholesterol, crude",numeric,EUR,Europe,Country,FIN,Finland,Year,2002,FALSE,Sex,Both sexes,BTSX,,,,,,,,,,1.4,,,1.3,,1.4,1.4 [1.3 – 1.4],,,EN,2021-06-20T23:00:00.000Z
NCD_CHOL_MEANHDL_C,"Mean HDL cholesterol, crude",numeric,EUR,Europe,Country,FIN,Finland,Year,2001,FALSE,Sex,Both sexes,BTSX,,,,,,,,,,1.4,,,1.3,,1.4,1.4 [1.3 – 1.4],,,EN,2021-06-20T23:00:00.000Z
NCD_CHOL_MEANHDL_C,"Mean HDL cholesterol, crude",numeric,EUR,Europe,Country,FRA,France,Year,2013,FALSE,Sex,Both sexes,BTSX,,,,,,,,,,1.5,,,1.4,,1.5,1.5 [1.4 – 1.5],,,EN,2021-06-20T23:00:00.000Z
NCD_CHOL_MEANHDL_C,"Mean HDL cholesterol, crude",numeric,EUR,Europe,Country,FRA,France,Year,2012,FALSE,Sex,Both sexes,BTSX,,,,,,,,,,1.5,,,1.4,,1.5,1.5 [1.4 – 1.5],,,EN,2021-06-20T23:00:00.000Z
NCD_CHOL_MEANHDL_C,"Mean HDL cholesterol, crude",numeric,EUR,Europe,Country,FRA,France,Year,2011,FALSE,Sex,Both sexes,BTSX,,,,,,,,,,1.5,,,1.4,,1.5,1.5 [1.4 – 1.5],,,EN,2021-06-20T23:00:00.000Z
NCD_CHOL_MEANHDL_C,"Mean HDL cholesterol, crude",numeric,EUR,Europe,Country,FRA,France,Year,2010,FALSE,Sex,Both sexes,BTSX,,,,,,,,,,1.5,,,1.4,,1.5,1.5 [1.4 – 1.5],,,EN,2021-06-20T23:00:00.000Z
NCD_CHOL_MEANHDL_C,"Mean HDL cholesterol, crude",numeric,EUR,Europe,Country,FRA,France,Year,2009,FALSE,Sex,Both sexes,BTSX,,,,,,,,,,1.5,,,1.4,,1.5,1.5 [1.4 – 1.5],,,EN,2021-06-20T23:00:00.000Z
NCD_CHOL_MEANHDL_C,"Mean HDL cholesterol, crude",numeric,EUR,Europe,Country,FRA,France,Year,2008,FALSE,Sex,Both sexes,BTSX,,,,,,,,,,1.5,,,1.4,,1.5,1.5 [1.4 – 1.5],,,EN,2021-06-20T23:00:00.000Z
NCD_CHOL_MEANHDL_C,"Mean HDL cholesterol, crude",numeric,EUR,Europe,Country,FRA,France,Year,2007,FALSE,Sex,Both sexes,BTSX,,,,,,,,,,1.5,,,1.4,,1.5,1.5 [1.4 – 1.5],,,EN,2021-06-20T23:00:00.000Z
NCD_CHOL_MEANHDL_C,"Mean HDL cholesterol, crude",numeric,EUR,Europe,Country,FRA,France,Year,2006,FALSE,Sex,Both sexes,BTSX,,,,,,,,,,1.5,,,1.4,,1.5,1.5 [1.4 – 1.5],,,EN,2021-06-20T23:00:00.000Z
NCD_CHOL_MEANHDL_C,"Mean HDL cholesterol, crude",numeric,EUR,Europe,Country,FRA,France,Year,2005,FALSE,Sex,Both sexes,BTSX,,,,,,,,,,1.5,,,1.4,,1.5,1.5 [1.4 – 1.5],,,EN,2021-06-20T23:00:00.000Z
NCD_CHOL_MEANHDL_C,"Mean HDL cholesterol, crude",numeric,EUR,Europe,Country,FRA,France,Year,2004,FALSE,Sex,Both sexes,BTSX,,,,,,,,,,1.4,,,1.4,,1.5,1.4 [1.4 – 1.5],,,EN,2021-06-20T23:00:00.000Z
NCD_CHOL_MEANHDL_C,"Mean HDL cholesterol, crude",numeric,EUR,Europe,Country,FRA,France,Year,2003,FALSE,Sex,Both sexes,BTSX,,,,,,,,,,1.4,,,1.4,,1.5,1.4 [1.4 – 1.5],,,EN,2021-06-20T23:00:00.000Z
NCD_CHOL_MEANHDL_C,"Mean HDL cholesterol, crude",numeric,EUR,Europe,Country,FRA,France,Year,2002,FALSE,Sex,Both sexes,BTSX,,,,,,,,,,1.4,,,1.4,,1.5,1.4 [1.4 – 1.5],,,EN,2021-06-20T23:00:00.000Z
NCD_CHOL_MEANHDL_C,"Mean HDL cholesterol, crude",numeric,EUR,Europe,Country,FRA,France,Year,2001,FALSE,Sex,Both sexes,BTSX,,,,,,,,,,1.4,,,1.4,,1.5,1.4 [1.4 – 1.5],,,EN,2021-06-20T23:00:00.000Z
NCD_CHOL_MEANHDL_C,"Mean HDL cholesterol, crude",numeric,EUR,Europe,Country,DEU,Germany,Year,2013,FALSE,Sex,Both sexes,BTSX,,,,,,,,,,1.5,,,1.4,,1.6,1.5 [1.4 – 1.6],,,EN,2021-06-20T23:00:00.000Z
NCD_CHOL_MEANHDL_C,"Mean HDL cholesterol, crude",numeric,EUR,Europe,Country,DEU,Germany,Year,2012,FALSE,Sex,Both sexes,BTSX,,,,,,,,,,1.5,,,1.4,,1.5,1.5 [1.4 – 1.5],,,EN,2021-06-20T23:00:00.000Z
NCD_CHOL_MEANHDL_C,"Mean HDL cholesterol, crude",numeric,EUR,Europe,Country,DEU,Germany,Year,2011,FALSE,Sex,Both sexes,BTSX,,,,,,,,,,1.5,,,1.4,,1.5,1.5 [1.4 – 1.5],,,EN,2021-06-20T23:00:00.000Z
NCD_CHOL_MEANHDL_C,"Mean HDL cholesterol, crude",numeric,EUR,Europe,Country,DEU,Germany,Year,2010,FALSE,Sex,Both sexes,BTSX,,,,,,,,,,1.5,,,1.4,,1.5,1.5 [1.4 – 1.5],,,EN,2021-06-20T23:00:00.000Z
NCD_CHOL_MEANHDL_C,"Mean HDL cholesterol, crude",numeric,EUR,Europe,Country,DEU,Germany,Year,2009,FALSE,Sex,Both sexes,BTSX,,,,,,,,,,1.5,,,1.4,,1.5,1.5 [1.4 – 1.5],,,EN,2021-06-20T23:00:00.000Z
NCD_CHOL_MEANHDL_C,"Mean HDL cholesterol, crude",numeric,EUR,Europe,Country,DEU,Germany,Year,2008,FALSE,Sex,Both sexes,BTSX,,,,,,,,,,1.5,,,1.4,,1.5,1.5 [1.4 – 1.5],,,EN,2021-06-20T23:00:00.000Z
NCD_CHOL_MEANHDL_C,"Mean HDL cholesterol, crude",numeric,EUR,Europe,Country,DEU,Germany,Year,2007,FALSE,Sex,Both sexes,BTSX,,,,,,,,,,1.5,,,1.4,,1.5,1.5 [1.4 – 1.5],,,EN,2021-06-20T23:00:00.000Z
NCD_CHOL_MEANHDL_C,"Mean HDL cholesterol, crude",numeric,EUR,Europe,Country,DEU,Germany,Year,2006,FALSE,Sex,Both sexes,BTSX,,,,,,,,,,1.5,,,1.4,,1.5,1.5 [1.4 – 1.5],,,EN,2021-06-20T23:00:00.000Z
NCD_CHOL_MEANHDL_C,"Mean HDL cholesterol, crude",numeric,EUR,Europe,Country,DEU,Germany,Year,2005,FALSE,Sex,Both sexes,BTSX,,,,,,,,,,1.5,,,1.4,,1.5,1.5 [1.4 – 1.5],,,EN,2021-06-20T23:00:00.000Z
NCD_CHOL_MEANHDL_C,"Mean HDL cholesterol, crude",numeric,EUR,Europe,Country,DEU,Germany,Year,2004,FALSE,Sex,Both sexes,BTSX,,,,,,,,,,1.5,,,1.4,,1.5,1.5 [1.4 – 1.5],,,EN,2021-06-20T23:00:00.000Z
NCD_CHOL_MEANHDL_C,"Mean HDL cholesterol, crude",numeric,EUR,Europe,Country,DEU,Germany,Year,2003,FALSE,Sex,Both sexes,BTSX,,,,,,,,,,1.5,,,1.4,,1.5,1.5 [1.4 – 1.5],,,EN,2021-06-20T23:00:00.000Z
NCD_CHOL_MEANHDL_C,"Mean HDL cholesterol, crude",numeric,EUR,Europe,Country,DEU,Germany,Year,2002,FALSE,Sex,Both sexes,BTSX,,,,,,,,,,1.4,,,1.4,,1.5,1.4 [1.4 – 1.5],,,EN,2021-06-20T23:00:00.000Z
NCD_CHOL_MEANHDL_C,"Mean HDL cholesterol, crude",numeric,EUR,Europe,Country,DEU,Germany,Year,2001,FALSE,Sex,Both sexes,BTSX,,,,,,,,,,1.4,,,1.4,,1.5,1.4 [1.4 – 1.5],,,EN,2021-06-20T23:00:00.000Z
NCD_CHOL_MEANHDL_C,"Mean HDL cholesterol, crude",numeric,EUR,Europe,Country,GRC,Greece,Year,2013,FALSE,Sex,Both sexes,BTSX,,,,,,,,,,1.4,,,1.3,,1.5,1.4 [1.3 – 1.5],,,EN,2021-06-20T23:00:00.000Z
NCD_CHOL_MEANHDL_C,"Mean HDL cholesterol, crude",numeric,EUR,Europe,Country,GRC,Greece,Year,2012,FALSE,Sex,Both sexes,BTSX,,,,,,,,,,1.4,,,1.3,,1.5,1.4 [1.3 – 1.5],,,EN,2021-06-20T23:00:00.000Z
NCD_CHOL_MEANHDL_C,"Mean HDL cholesterol, crude",numeric,EUR,Europe,Country,GRC,Greece,Year,2011,FALSE,Sex,Both sexes,BTSX,,,,,,,,,,1.4,,,1.3,,1.5,1.4 [1.3 – 1.5],,,EN,2021-06-20T23:00:00.000Z
NCD_CHOL_MEANHDL_C,"Mean HDL cholesterol, crude",numeric,EUR,Europe,Country,GRC,Greece,Year,2010,FALSE,Sex,Both sexes,BTSX,,,,,,,,,,1.4,,,1.3,,1.5,1.4 [1.3 – 1.5],,,EN,2021-06-20T23:00:00.000Z
NCD_CHOL_MEANHDL_C,"Mean HDL cholesterol, crude",numeric,EUR,Europe,Country,GRC,Greece,Year,2009,FALSE,Sex,Both sexes,BTSX,,,,,,,,,,1.4,,,1.3,,1.5,1.4 [1.3 – 1.5],,,EN,2021-06-20T23:00:00.000Z
NCD_CHOL_MEANHDL_C,"Mean HDL cholesterol, crude",numeric,EUR,Europe,Country,GRC,Greece,Year,2008,FALSE,Sex,Both sexes,BTSX,,,,,,,,,,1.4,,,1.3,,1.5,1.4 [1.3 – 1.5],,,EN,2021-06-20T23:00:00.000Z
NCD_CHOL_MEANHDL_C,"Mean HDL cholesterol, crude",numeric,EUR,Europe,Country,GRC,Greece,Year,2007,FALSE,Sex,Both sexes,BTSX,,,,,,,,,,1.4,,,1.3,,1.5,1.4 [1.3 – 1.5],,,EN,2021-06-20T23:00:00.000Z
NCD_CHOL_MEANHDL_C,"Mean HDL cholesterol, crude",numeric,EUR,Europe,Country,GRC,Greece,Year,2006,FALSE,Sex,Both sexes,BTSX,,,,,,,,,,1.4,,,1.3,,1.5,1.4 [1.3 – 1.5],,,EN,2021-06-20T23:00:00.000Z
NCD_CHOL_MEANHDL_C,"Mean HDL cholesterol, crude",numeric,EUR,Europe,Country,GRC,Greece,Year,2005,FALSE,Sex,Both sexes,BTSX,,,,,,,,,,1.4,,,1.3,,1.5,1.4 [1.3 – 1.5],,,EN,2021-06-20T23:00:00.000Z
NCD_CHOL_MEANHDL_C,"Mean HDL cholesterol, crude",numeric,EUR,Europe,Country,GRC,Greece,Year,2004,FALSE,Sex,Both sexes,BTSX,,,,,,,,,,1.4,,,1.3,,1.5,1.4 [1.3 – 1.5],,,EN,2021-06-20T23:00:00.000Z
NCD_CHOL_MEANHDL_C,"Mean HDL cholesterol, crude",numeric,EUR,Europe,Country,GRC,Greece,Year,2003,FALSE,Sex,Both sexes,BTSX,,,,,,,,,,1.4,,,1.3,,1.5,1.4 [1.3 – 1.5],,,EN,2021-06-20T23:00:00.000Z
NCD_CHOL_MEANHDL_C,"Mean HDL cholesterol, crude",numeric,EUR,Europe,Country,GRC,Greece,Year,2002,FALSE,Sex,Both sexes,BTSX,,,,,,,,,,1.4,,,1.3,,1.5,1.4 [1.3 – 1.5],,,EN,2021-06-20T23:00:00.000Z
NCD_CHOL_MEANHDL_C,"Mean HDL cholesterol, crude",numeric,EUR,Europe,Country,GRC,Greece,Year,2001,FALSE,Sex,Both sexes,BTSX,,,,,,,,,,1.4,,,1.3,,1.5,1.4 [1.3 – 1.5],,,EN,2021-06-20T23:00:00.000Z
NCD_CHOL_MEANHDL_C,"Mean HDL cholesterol, crude",numeric,EUR,Europe,Country,HUN,Hungary,Year,2013,FALSE,Sex,Both sexes,BTSX,,,,,,,,,,1.4,,,1.3,,1.5,1.4 [1.3 – 1.5],,,EN,2021-06-20T23:00:00.000Z
NCD_CHOL_MEANHDL_C,"Mean HDL cholesterol, crude",numeric,EUR,Europe,Country,HUN,Hungary,Year,2012,FALSE,Sex,Both sexes,BTSX,,,,,,,,,,1.4,,,1.3,,1.5,1.4 [1.3 – 1.5],,,EN,2021-06-20T23:00:00.000Z
NCD_CHOL_MEANHDL_C,"Mean HDL cholesterol, crude",numeric,EUR,Europe,Country,HUN,Hungary,Year,2011,FALSE,Sex,Both sexes,BTSX,,,,,,,,,,1.4,,,1.3,,1.5,1.4 [1.3 – 1.5],,,EN,2021-06-20T23:00:00.000Z
NCD_CHOL_MEANHDL_C,"Mean HDL cholesterol, crude",numeric,EUR,Europe,Country,HUN,Hungary,Year,2010,FALSE,Sex,Both sexes,BTSX,,,,,,,,,,1.4,,,1.3,,1.5,1.4 [1.3 – 1.5],,,EN,2021-06-20T23:00:00.000Z
NCD_CHOL_MEANHDL_C,"Mean HDL cholesterol, crude",numeric,EUR,Europe,Country,HUN,Hungary,Year,2009,FALSE,Sex,Both sexes,BTSX,,,,,,,,,,1.4,,,1.3,,1.5,1.4 [1.3 – 1.5],,,EN,2021-06-20T23:00:00.000Z
NCD_CHOL_MEANHDL_C,"Mean HDL cholesterol, crude",numeric,EUR,Europe,Country,HUN,Hungary,Year,2008,FALSE,Sex,Both sexes,BTSX,,,,,,,,,,1.4,,,1.3,,1.5,1.4 [1.3 – 1.5],,,EN,2021-06-20T23:00:00.000Z
NCD_CHOL_MEANHDL_C,"Mean HDL cholesterol, crude",numeric,EUR,Europe,Country,HUN,Hungary,Year,2007,FALSE,Sex,Both sexes,BTSX,,,,,,,,,,1.4,,,1.3,,1.5,1.4 [1.3 – 1.5],,,EN,2021-06-20T23:00:00.000Z
NCD_CHOL_MEANHDL_C,"Mean HDL cholesterol, crude",numeric,EUR,Europe,Country,HUN,Hungary,Year,2006,FALSE,Sex,Both sexes,BTSX,,,,,,,,,,1.4,,,1.3,,1.5,1.4 [1.3 – 1.5],,,EN,2021-06-20T23:00:00.000Z
NCD_CHOL_MEANHDL_C,"Mean HDL cholesterol, crude",numeric,EUR,Europe,Country,HUN,Hungary,Year,2005,FALSE,Sex,Both sexes,BTSX,,,,,,,,,,1.4,,,1.3,,1.5,1.4 [1.3 – 1.5],,,EN,2021-06-20T23:00:00.000Z
NCD_CHOL_MEANHDL_C,"Mean HDL cholesterol, crude",numeric,EUR,Europe,Country,HUN,Hungary,Year,2004,FALSE,Sex,Both sexes,BTSX,,,,,,,,,,1.4,,,1.3,,1.5,1.4 [1.3 – 1.5],,,EN,2021-06-20T23:00:00.000Z
NCD_CHOL_MEANHDL_C,"Mean HDL cholesterol, crude",numeric,EUR,Europe,Country,HUN,Hungary,Year,2003,FALSE,Sex,Both sexes,BTSX,,,,,,,,,,1.4,,,1.3,,1.5,1.4 [1.3 – 1.5],,,EN,2021-06-20T23:00:00.000Z
NCD_CHOL_MEANHDL_C,"Mean HDL cholesterol, crude",numeric,EUR,Europe,Country,HUN,Hungary,Year,2002,FALSE,Sex,Both sexes,BTSX,,,,,,,,,,1.4,,,1.3,,1.5,1.4 [1.3 – 1.5],,,EN,2021-06-20T23:00:00.000Z
NCD_CHOL_MEANHDL_C,"Mean HDL cholesterol, crude",numeric,EUR,Europe,Country,HUN,Hungary,Year,2001,FALSE,Sex,Both sexes,BTSX,,,,,,,,,,1.4,,,1.3,,1.4,1.4 [1.3 – 1.4],,,EN,2021-06-20T23:00:00.000Z
NCD_CHOL_MEANHDL_C,"Mean HDL cholesterol, crude",numeric,EUR,Europe,Country,ISL,Iceland,Year,2013,FALSE,Sex,Both sexes,BTSX,,,,,,,,,,1.4,,,1.4,,1.5,1.4 [1.4 – 1.5],,,EN,2021-06-20T23:00:00.000Z
NCD_CHOL_MEANHDL_C,"Mean HDL cholesterol, crude",numeric,EUR,Europe,Country,ISL,Iceland,Year,2012,FALSE,Sex,Both sexes,BTSX,,,,,,,,,,1.4,,,1.4,,1.5,1.4 [1.4 – 1.5],,,EN,2021-06-20T23:00:00.000Z
NCD_CHOL_MEANHDL_C,"Mean HDL cholesterol, crude",numeric,EUR,Europe,Country,ISL,Iceland,Year,2011,FALSE,Sex,Both sexes,BTSX,,,,,,,,,,1.4,,,1.4,,1.5,1.4 [1.4 – 1.5],,,EN,2021-06-20T23:00:00.000Z
NCD_CHOL_MEANHDL_C,"Mean HDL cholesterol, crude",numeric,EUR,Europe,Country,ISL,Iceland,Year,2010,FALSE,Sex,Both sexes,BTSX,,,,,,,,,,1.4,,,1.4,,1.5,1.4 [1.4 – 1.5],,,EN,2021-06-20T23:00:00.000Z
NCD_CHOL_MEANHDL_C,"Mean HDL cholesterol, crude",numeric,EUR,Europe,Country,ISL,Iceland,Year,2009,FALSE,Sex,Both sexes,BTSX,,,,,,,,,,1.4,,,1.4,,1.5,1.4 [1.4 – 1.5],,,EN,2021-06-20T23:00:00.000Z
NCD_CHOL_MEANHDL_C,"Mean HDL cholesterol, crude",numeric,EUR,Europe,Country,ISL,Iceland,Year,2008,FALSE,Sex,Both sexes,BTSX,,,,,,,,,,1.4,,,1.4,,1.5,1.4 [1.4 – 1.5],,,EN,2021-06-20T23:00:00.000Z
NCD_CHOL_MEANHDL_C,"Mean HDL cholesterol, crude",numeric,EUR,Europe,Country,ISL,Iceland,Year,2007,FALSE,Sex,Both sexes,BTSX,,,,,,,,,,1.4,,,1.4,,1.5,1.4 [1.4 – 1.5],,,EN,2021-06-20T23:00:00.000Z
NCD_CHOL_MEANHDL_C,"Mean HDL cholesterol, crude",numeric,EUR,Europe,Country,ISL,Iceland,Year,2006,FALSE,Sex,Both sexes,BTSX,,,,,,,,,,1.4,,,1.4,,1.5,1.4 [1.4 – 1.5],,,EN,2021-06-20T23:00:00.000Z
NCD_CHOL_MEANHDL_C,"Mean HDL cholesterol, crude",numeric,EUR,Europe,Country,ISL,Iceland,Year,2005,FALSE,Sex,Both sexes,BTSX,,,,,,,,,,1.4,,,1.4,,1.5,1.4 [1.4 – 1.5],,,EN,2021-06-20T23:00:00.000Z
NCD_CHOL_MEANHDL_C,"Mean HDL cholesterol, crude",numeric,EUR,Europe,Country,ISL,Iceland,Year,2004,FALSE,Sex,Both sexes,BTSX,,,,,,,,,,1.4,,,1.4,,1.5,1.4 [1.4 – 1.5],,,EN,2021-06-20T23:00:00.000Z
NCD_CHOL_MEANHDL_C,"Mean HDL cholesterol, crude",numeric,EUR,Europe,Country,ISL,Iceland,Year,2003,FALSE,Sex,Both sexes,BTSX,,,,,,,,,,1.4,,,1.3,,1.4,1.4 [1.3 – 1.4],,,EN,2021-06-20T23:00:00.000Z
NCD_CHOL_MEANHDL_C,"Mean HDL cholesterol, crude",numeric,EUR,Europe,Country,ISL,Iceland,Year,2002,FALSE,Sex,Both sexes,BTSX,,,,,,,,,,1.4,,,1.3,,1.4,1.4 [1.3 – 1.4],,,EN,2021-06-20T23:00:00.000Z
NCD_CHOL_MEANHDL_C,"Mean HDL cholesterol, crude",numeric,EUR,Europe,Country,ISL,Iceland,Year,2001,FALSE,Sex,Both sexes,BTSX,,,,,,,,,,1.4,,,1.3,,1.4,1.4 [1.3 – 1.4],,,EN,2021-06-20T23:00:00.000Z
NCD_CHOL_MEANHDL_C,"Mean HDL cholesterol, crude",numeric,EUR,Europe,Country,IRL,Ireland,Year,2013,FALSE,Sex,Both sexes,BTSX,,,,,,,,,,1.5,,,1.4,,1.5,1.5 [1.4 – 1.5],,,EN,2021-06-20T23:00:00.000Z
NCD_CHOL_MEANHDL_C,"Mean HDL cholesterol, crude",numeric,EUR,Europe,Country,IRL,Ireland,Year,2012,FALSE,Sex,Both sexes,BTSX,,,,,,,,,,1.5,,,1.4,,1.5,1.5 [1.4 – 1.5],,,EN,2021-06-20T23:00:00.000Z
NCD_CHOL_MEANHDL_C,"Mean HDL cholesterol, crude",numeric,EUR,Europe,Country,IRL,Ireland,Year,2011,FALSE,Sex,Both sexes,BTSX,,,,,,,,,,1.5,,,1.4,,1.5,1.5 [1.4 – 1.5],,,EN,2021-06-20T23:00:00.000Z
NCD_CHOL_MEANHDL_C,"Mean HDL cholesterol, crude",numeric,EUR,Europe,Country,IRL,Ireland,Year,2010,FALSE,Sex,Both sexes,BTSX,,,,,,,,,,1.4,,,1.4,,1.5,1.4 [1.4 – 1.5],,,EN,2021-06-20T23:00:00.000Z
NCD_CHOL_MEANHDL_C,"Mean HDL cholesterol, crude",numeric,EUR,Europe,Country,IRL,Ireland,Year,2009,FALSE,Sex,Both sexes,BTSX,,,,,,,,,,1.4,,,1.4,,1.5,1.4 [1.4 – 1.5],,,EN,2021-06-20T23:00:00.000Z
NCD_CHOL_MEANHDL_C,"Mean HDL cholesterol, crude",numeric,EUR,Europe,Country,IRL,Ireland,Year,2008,FALSE,Sex,Both sexes,BTSX,,,,,,,,,,1.4,,,1.4,,1.5,1.4 [1.4 – 1.5],,,EN,2021-06-20T23:00:00.000Z
NCD_CHOL_MEANHDL_C,"Mean HDL cholesterol, crude",numeric,EUR,Europe,Country,IRL,Ireland,Year,2007,FALSE,Sex,Both sexes,BTSX,,,,,,,,,,1.4,,,1.4,,1.5,1.4 [1.4 – 1.5],,,EN,2021-06-20T23:00:00.000Z
NCD_CHOL_MEANHDL_C,"Mean HDL cholesterol, crude",numeric,EUR,Europe,Country,IRL,Ireland,Year,2006,FALSE,Sex,Both sexes,BTSX,,,,,,,,,,1.4,,,1.4,,1.5,1.4 [1.4 – 1.5],,,EN,2021-06-20T23:00:00.000Z
NCD_CHOL_MEANHDL_C,"Mean HDL cholesterol, crude",numeric,EUR,Europe,Country,IRL,Ireland,Year,2005,FALSE,Sex,Both sexes,BTSX,,,,,,,,,,1.4,,,1.4,,1.5,1.4 [1.4 – 1.5],,,EN,2021-06-20T23:00:00.000Z
NCD_CHOL_MEANHDL_C,"Mean HDL cholesterol, crude",numeric,EUR,Europe,Country,IRL,Ireland,Year,2004,FALSE,Sex,Both sexes,BTSX,,,,,,,,,,1.4,,,1.4,,1.5,1.4 [1.4 – 1.5],,,EN,2021-06-20T23:00:00.000Z
NCD_CHOL_MEANHDL_C,"Mean HDL cholesterol, crude",numeric,EUR,Europe,Country,IRL,Ireland,Year,2003,FALSE,Sex,Both sexes,BTSX,,,,,,,,,,1.4,,,1.4,,1.5,1.4 [1.4 – 1.5],,,EN,2021-06-20T23:00:00.000Z
NCD_CHOL_MEANHDL_C,"Mean HDL cholesterol, crude",numeric,EUR,Europe,Country,IRL,Ireland,Year,2002,FALSE,Sex,Both sexes,BTSX,,,,,,,,,,1.4,,,1.4,,1.5,1.4 [1.4 – 1.5],,,EN,2021-06-20T23:00:00.000Z
NCD_CHOL_MEANHDL_C,"Mean HDL cholesterol, crude",numeric,EUR,Europe,Country,IRL,Ireland,Year,2001,FALSE,Sex,Both sexes,BTSX,,,,,,,,,,1.4,,,1.4,,1.5,1.4 [1.4 – 1.5],,,EN,2021-06-20T23:00:00.000Z
NCD_CHOL_MEANHDL_C,"Mean HDL cholesterol, crude",numeric,EUR,Europe,Country,ISR,Israel,Year,2013,FALSE,Sex,Both sexes,BTSX,,,,,,,,,,1.3,,,1.2,,1.4,1.3 [1.2 – 1.4],,,EN,2021-06-20T23:00:00.000Z
NCD_CHOL_MEANHDL_C,"Mean HDL cholesterol, crude",numeric,EUR,Europe,Country,ISR,Israel,Year,2012,FALSE,Sex,Both sexes,BTSX,,,,,,,,,,1.3,,,1.2,,1.4,1.3 [1.2 – 1.4],,,EN,2021-06-20T23:00:00.000Z
NCD_CHOL_MEANHDL_C,"Mean HDL cholesterol, crude",numeric,EUR,Europe,Country,ISR,Israel,Year,2011,FALSE,Sex,Both sexes,BTSX,,,,,,,,,,1.3,,,1.2,,1.4,1.3 [1.2 – 1.4],,,EN,2021-06-20T23:00:00.000Z
NCD_CHOL_MEANHDL_C,"Mean HDL cholesterol, crude",numeric,EUR,Europe,Country,ISR,Israel,Year,2010,FALSE,Sex,Both sexes,BTSX,,,,,,,,,,1.3,,,1.2,,1.4,1.3 [1.2 – 1.4],,,EN,2021-06-20T23:00:00.000Z
NCD_CHOL_MEANHDL_C,"Mean HDL cholesterol, crude",numeric,EUR,Europe,Country,ISR,Israel,Year,2009,FALSE,Sex,Both sexes,BTSX,,,,,,,,,,1.3,,,1.2,,1.3,1.3 [1.2 – 1.3],,,EN,2021-06-20T23:00:00.000Z
NCD_CHOL_MEANHDL_C,"Mean HDL cholesterol, crude",numeric,EUR,Europe,Country,ISR,Israel,Year,2008,FALSE,Sex,Both sexes,BTSX,,,,,,,,,,1.3,,,1.2,,1.3,1.3 [1.2 – 1.3],,,EN,2021-06-20T23:00:00.000Z
NCD_CHOL_MEANHDL_C,"Mean HDL cholesterol, crude",numeric,EUR,Europe,Country,ISR,Israel,Year,2007,FALSE,Sex,Both sexes,BTSX,,,,,,,,,,1.3,,,1.2,,1.3,1.3 [1.2 – 1.3],,,EN,2021-06-20T23:00:00.000Z
NCD_CHOL_MEANHDL_C,"Mean HDL cholesterol, crude",numeric,EUR,Europe,Country,ISR,Israel,Year,2006,FALSE,Sex,Both sexes,BTSX,,,,,,,,,,1.3,,,1.2,,1.3,1.3 [1.2 – 1.3],,,EN,2021-06-20T23:00:00.000Z
NCD_CHOL_MEANHDL_C,"Mean HDL cholesterol, crude",numeric,EUR,Europe,Country,ISR,Israel,Year,2005,FALSE,Sex,Both sexes,BTSX,,,,,,,,,,1.3,,,1.2,,1.3,1.3 [1.2 – 1.3],,,EN,2021-06-20T23:00:00.000Z
NCD_CHOL_MEANHDL_C,"Mean HDL cholesterol, crude",numeric,EUR,Europe,Country,ISR,Israel,Year,2004,FALSE,Sex,Both sexes,BTSX,,,,,,,,,,1.3,,,1.2,,1.3,1.3 [1.2 – 1.3],,,EN,2021-06-20T23:00:00.000Z
NCD_CHOL_MEANHDL_C,"Mean HDL cholesterol, crude",numeric,EUR,Europe,Country,ISR,Israel,Year,2003,FALSE,Sex,Both sexes,BTSX,,,,,,,,,,1.2,,,1.2,,1.3,1.2 [1.2 – 1.3],,,EN,2021-06-20T23:00:00.000Z
NCD_CHOL_MEANHDL_C,"Mean HDL cholesterol, crude",numeric,EUR,Europe,Country,ISR,Israel,Year,2002,FALSE,Sex,Both sexes,BTSX,,,,,,,,,,1.2,,,1.2,,1.3,1.2 [1.2 – 1.3],,,EN,2021-06-20T23:00:00.000Z
NCD_CHOL_MEANHDL_C,"Mean HDL cholesterol, crude",numeric,EUR,Europe,Country,ISR,Israel,Year,2001,FALSE,Sex,Both sexes,BTSX,,,,,,,,,,1.2,,,1.2,,1.3,1.2 [1.2 – 1.3],,,EN,2021-06-20T23:00:00.000Z
NCD_CHOL_MEANHDL_C,"Mean HDL cholesterol, crude",numeric,EUR,Europe,Country,ITA,Italy,Year,2013,FALSE,Sex,Both sexes,BTSX,,,,,,,,,,1.4,,,1.4,,1.5,1.4 [1.4 – 1.5],,,EN,2021-06-20T23:00:00.000Z
NCD_CHOL_MEANHDL_C,"Mean HDL cholesterol, crude",numeric,EUR,Europe,Country,ITA,Italy,Year,2012,FALSE,Sex,Both sexes,BTSX,,,,,,,,,,1.4,,,1.4,,1.5,1.4 [1.4 – 1.5],,,EN,2021-06-20T23:00:00.000Z
NCD_CHOL_MEANHDL_C,"Mean HDL cholesterol, crude",numeric,EUR,Europe,Country,ITA,Italy,Year,2011,FALSE,Sex,Both sexes,BTSX,,,,,,,,,,1.4,,,1.4,,1.5,1.4 [1.4 – 1.5],,,EN,2021-06-20T23:00:00.000Z
NCD_CHOL_MEANHDL_C,"Mean HDL cholesterol, crude",numeric,EUR,Europe,Country,ITA,Italy,Year,2010,FALSE,Sex,Both sexes,BTSX,,,,,,,,,,1.4,,,1.4,,1.5,1.4 [1.4 – 1.5],,,EN,2021-06-20T23:00:00.000Z
NCD_CHOL_MEANHDL_C,"Mean HDL cholesterol, crude",numeric,EUR,Europe,Country,ITA,Italy,Year,2009,FALSE,Sex,Both sexes,BTSX,,,,,,,,,,1.4,,,1.4,,1.5,1.4 [1.4 – 1.5],,,EN,2021-06-20T23:00:00.000Z
NCD_CHOL_MEANHDL_C,"Mean HDL cholesterol, crude",numeric,EUR,Europe,Country,ITA,Italy,Year,2008,FALSE,Sex,Both sexes,BTSX,,,,,,,,,,1.4,,,1.4,,1.5,1.4 [1.4 – 1.5],,,EN,2021-06-20T23:00:00.000Z
NCD_CHOL_MEANHDL_C,"Mean HDL cholesterol, crude",numeric,EUR,Europe,Country,ITA,Italy,Year,2007,FALSE,Sex,Both sexes,BTSX,,,,,,,,,,1.4,,,1.4,,1.5,1.4 [1.4 – 1.5],,,EN,2021-06-20T23:00:00.000Z
NCD_CHOL_MEANHDL_C,"Mean HDL cholesterol, crude",numeric,EUR,Europe,Country,ITA,Italy,Year,2006,FALSE,Sex,Both sexes,BTSX,,,,,,,,,,1.4,,,1.4,,1.5,1.4 [1.4 – 1.5],,,EN,2021-06-20T23:00:00.000Z
NCD_CHOL_MEANHDL_C,"Mean HDL cholesterol, crude",numeric,EUR,Europe,Country,ITA,Italy,Year,2005,FALSE,Sex,Both sexes,BTSX,,,,,,,,,,1.4,,,1.4,,1.5,1.4 [1.4 – 1.5],,,EN,2021-06-20T23:00:00.000Z
NCD_CHOL_MEANHDL_C,"Mean HDL cholesterol, crude",numeric,EUR,Europe,Country,ITA,Italy,Year,2004,FALSE,Sex,Both sexes,BTSX,,,,,,,,,,1.4,,,1.4,,1.5,1.4 [1.4 – 1.5],,,EN,2021-06-20T23:00:00.000Z
NCD_CHOL_MEANHDL_C,"Mean HDL cholesterol, crude",numeric,EUR,Europe,Country,ITA,Italy,Year,2003,FALSE,Sex,Both sexes,BTSX,,,,,,,,,,1.4,,,1.4,,1.5,1.4 [1.4 – 1.5],,,EN,2021-06-20T23:00:00.000Z
NCD_CHOL_MEANHDL_C,"Mean HDL cholesterol, crude",numeric,EUR,Europe,Country,ITA,Italy,Year,2002,FALSE,Sex,Both sexes,BTSX,,,,,,,,,,1.4,,,1.4,,1.5,1.4 [1.4 – 1.5],,,EN,2021-06-20T23:00:00.000Z
NCD_CHOL_MEANHDL_C,"Mean HDL cholesterol, crude",numeric,EUR,Europe,Country,ITA,Italy,Year,2001,FALSE,Sex,Both sexes,BTSX,,,,,,,,,,1.4,,,1.4,,1.5,1.4 [1.4 – 1.5],,,EN,2021-06-20T23:00:00.000Z
NCD_CHOL_MEANHDL_C,"Mean HDL cholesterol, crude",numeric,EUR,Europe,Country,LVA,Latvia,Year,2013,FALSE,Sex,Both sexes,BTSX,,,,,,,,,,1.5,,,1.4,,1.6,1.5 [1.4 – 1.6],,,EN,2021-06-20T23:00:00.000Z
NCD_CHOL_MEANHDL_C,"Mean HDL cholesterol, crude",numeric,EUR,Europe,Country,LVA,Latvia,Year,2012,FALSE,Sex,Both sexes,BTSX,,,,,,,,,,1.5,,,1.4,,1.6,1.5 [1.4 – 1.6],,,EN,2021-06-20T23:00:00.000Z
NCD_CHOL_MEANHDL_C,"Mean HDL cholesterol, crude",numeric,EUR,Europe,Country,LVA,Latvia,Year,2011,FALSE,Sex,Both sexes,BTSX,,,,,,,,,,1.5,,,1.4,,1.6,1.5 [1.4 – 1.6],,,EN,2021-06-20T23:00:00.000Z
NCD_CHOL_MEANHDL_C,"Mean HDL cholesterol, crude",numeric,EUR,Europe,Country,LVA,Latvia,Year,2010,FALSE,Sex,Both sexes,BTSX,,,,,,,,,,1.5,,,1.4,,1.6,1.5 [1.4 – 1.6],,,EN,2021-06-20T23:00:00.000Z
NCD_CHOL_MEANHDL_C,"Mean HDL cholesterol, crude",numeric,EUR,Europe,Country,LVA,Latvia,Year,2009,FALSE,Sex,Both sexes,BTSX,,,,,,,,,,1.5,,,1.4,,1.6,1.5 [1.4 – 1.6],,,EN,2021-06-20T23:00:00.000Z
NCD_CHOL_MEANHDL_C,"Mean HDL cholesterol, crude",numeric,EUR,Europe,Country,LVA,Latvia,Year,2008,FALSE,Sex,Both sexes,BTSX,,,,,,,,,,1.5,,,1.4,,1.6,1.5 [1.4 – 1.6],,,EN,2021-06-20T23:00:00.000Z
NCD_CHOL_MEANHDL_C,"Mean HDL cholesterol, crude",numeric,EUR,Europe,Country,LVA,Latvia,Year,2007,FALSE,Sex,Both sexes,BTSX,,,,,,,,,,1.5,,,1.4,,1.6,1.5 [1.4 – 1.6],,,EN,2021-06-20T23:00:00.000Z
NCD_CHOL_MEANHDL_C,"Mean HDL cholesterol, crude",numeric,EUR,Europe,Country,LVA,Latvia,Year,2006,FALSE,Sex,Both sexes,BTSX,,,,,,,,,,1.5,,,1.4,,1.6,1.5 [1.4 – 1.6],,,EN,2021-06-20T23:00:00.000Z
NCD_CHOL_MEANHDL_C,"Mean HDL cholesterol, crude",numeric,EUR,Europe,Country,LVA,Latvia,Year,2005,FALSE,Sex,Both sexes,BTSX,,,,,,,,,,1.5,,,1.4,,1.6,1.5 [1.4 – 1.6],,,EN,2021-06-20T23:00:00.000Z
NCD_CHOL_MEANHDL_C,"Mean HDL cholesterol, crude",numeric,EUR,Europe,Country,LVA,Latvia,Year,2004,FALSE,Sex,Both sexes,BTSX,,,,,,,,,,1.5,,,1.4,,1.6,1.5 [1.4 – 1.6],,,EN,2021-06-20T23:00:00.000Z
NCD_CHOL_MEANHDL_C,"Mean HDL cholesterol, crude",numeric,EUR,Europe,Country,LVA,Latvia,Year,2003,FALSE,Sex,Both sexes,BTSX,,,,,,,,,,1.5,,,1.4,,1.6,1.5 [1.4 – 1.6],,,EN,2021-06-20T23:00:00.000Z
NCD_CHOL_MEANHDL_C,"Mean HDL cholesterol, crude",numeric,EUR,Europe,Country,LVA,Latvia,Year,2002,FALSE,Sex,Both sexes,BTSX,,,,,,,,,,1.5,,,1.4,,1.6,1.5 [1.4 – 1.6],,,EN,2021-06-20T23:00:00.000Z
NCD_CHOL_MEANHDL_C,"Mean HDL cholesterol, crude",numeric,EUR,Europe,Country,LVA,Latvia,Year,2001,FALSE,Sex,Both sexes,BTSX,,,,,,,,,,1.5,,,1.4,,1.6,1.5 [1.4 – 1.6],,,EN,2021-06-20T23:00:00.000Z
NCD_CHOL_MEANHDL_C,"Mean HDL cholesterol, crude",numeric,EUR,Europe,Country,LTU,Lithuania,Year,2013,FALSE,Sex,Both sexes,BTSX,,,,,,,,,,1.4,,,1.3,,1.5,1.4 [1.3 – 1.5],,,EN,2021-06-20T23:00:00.000Z
NCD_CHOL_MEANHDL_C,"Mean HDL cholesterol, crude",numeric,EUR,Europe,Country,LTU,Lithuania,Year,2012,FALSE,Sex,Both sexes,BTSX,,,,,,,,,,1.4,,,1.3,,1.5,1.4 [1.3 – 1.5],,,EN,2021-06-20T23:00:00.000Z
NCD_CHOL_MEANHDL_C,"Mean HDL cholesterol, crude",numeric,EUR,Europe,Country,LTU,Lithuania,Year,2011,FALSE,Sex,Both sexes,BTSX,,,,,,,,,,1.4,,,1.3,,1.5,1.4 [1.3 – 1.5],,,EN,2021-06-20T23:00:00.000Z
NCD_CHOL_MEANHDL_C,"Mean HDL cholesterol, crude",numeric,EUR,Europe,Country,LTU,Lithuania,Year,2010,FALSE,Sex,Both sexes,BTSX,,,,,,,,,,1.4,,,1.3,,1.5,1.4 [1.3 – 1.5],,,EN,2021-06-20T23:00:00.000Z
NCD_CHOL_MEANHDL_C,"Mean HDL cholesterol, crude",numeric,EUR,Europe,Country,LTU,Lithuania,Year,2009,FALSE,Sex,Both sexes,BTSX,,,,,,,,,,1.4,,,1.4,,1.5,1.4 [1.4 – 1.5],,,EN,2021-06-20T23:00:00.000Z
NCD_CHOL_MEANHDL_C,"Mean HDL cholesterol, crude",numeric,EUR,Europe,Country,LTU,Lithuania,Year,2008,FALSE,Sex,Both sexes,BTSX,,,,,,,,,,1.4,,,1.4,,1.5,1.4 [1.4 – 1.5],,,EN,2021-06-20T23:00:00.000Z
NCD_CHOL_MEANHDL_C,"Mean HDL cholesterol, crude",numeric,EUR,Europe,Country,LTU,Lithuania,Year,2007,FALSE,Sex,Both sexes,BTSX,,,,,,,,,,1.4,,,1.4,,1.5,1.4 [1.4 – 1.5],,,EN,2021-06-20T23:00:00.000Z
NCD_CHOL_MEANHDL_C,"Mean HDL cholesterol, crude",numeric,EUR,Europe,Country,LTU,Lithuania,Year,2006,FALSE,Sex,Both sexes,BTSX,,,,,,,,,,1.4,,,1.4,,1.5,1.4 [1.4 – 1.5],,,EN,2021-06-20T23:00:00.000Z
NCD_CHOL_MEANHDL_C,"Mean HDL cholesterol, crude",numeric,EUR,Europe,Country,LTU,Lithuania,Year,2005,FALSE,Sex,Both sexes,BTSX,,,,,,,,,,1.4,,,1.4,,1.5,1.4 [1.4 – 1.5],,,EN,2021-06-20T23:00:00.000Z
NCD_CHOL_MEANHDL_C,"Mean HDL cholesterol, crude",numeric,EUR,Europe,Country,LTU,Lithuania,Year,2004,FALSE,Sex,Both sexes,BTSX,,,,,,,,,,1.4,,,1.4,,1.5,1.4 [1.4 – 1.5],,,EN,2021-06-20T23:00:00.000Z
NCD_CHOL_MEANHDL_C,"Mean HDL cholesterol, crude",numeric,EUR,Europe,Country,LTU,Lithuania,Year,2003,FALSE,Sex,Both sexes,BTSX,,,,,,,,,,1.4,,,1.4,,1.5,1.4 [1.4 – 1.5],,,EN,2021-06-20T23:00:00.000Z
NCD_CHOL_MEANHDL_C,"Mean HDL cholesterol, crude",numeric,EUR,Europe,Country,LTU,Lithuania,Year,2002,FALSE,Sex,Both sexes,BTSX,,,,,,,,,,1.4,,,1.4,,1.5,1.4 [1.4 – 1.5],,,EN,2021-06-20T23:00:00.000Z
NCD_CHOL_MEANHDL_C,"Mean HDL cholesterol, crude",numeric,EUR,Europe,Country,LTU,Lithuania,Year,2001,FALSE,Sex,Both sexes,BTSX,,,,,,,,,,1.4,,,1.4,,1.5,1.4 [1.4 – 1.5],,,EN,2021-06-20T23:00:00.000Z
NCD_CHOL_MEANHDL_C,"Mean HDL cholesterol, crude",numeric,EUR,Europe,Country,LUX,Luxembourg,Year,2013,FALSE,Sex,Both sexes,BTSX,,,,,,,,,,1.5,,,1.4,,1.6,1.5 [1.4 – 1.6],,,EN,2021-06-20T23:00:00.000Z
NCD_CHOL_MEANHDL_C,"Mean HDL cholesterol, crude",numeric,EUR,Europe,Country,LUX,Luxembourg,Year,2012,FALSE,Sex,Both sexes,BTSX,,,,,,,,,,1.5,,,1.4,,1.6,1.5 [1.4 – 1.6],,,EN,2021-06-20T23:00:00.000Z
NCD_CHOL_MEANHDL_C,"Mean HDL cholesterol, crude",numeric,EUR,Europe,Country,LUX,Luxembourg,Year,2011,FALSE,Sex,Both sexes,BTSX,,,,,,,,,,1.5,,,1.4,,1.6,1.5 [1.4 – 1.6],,,EN,2021-06-20T23:00:00.000Z
NCD_CHOL_MEANHDL_C,"Mean HDL cholesterol, crude",numeric,EUR,Europe,Country,LUX,Luxembourg,Year,2010,FALSE,Sex,Both sexes,BTSX,,,,,,,,,,1.5,,,1.4,,1.6,1.5 [1.4 – 1.6],,,EN,2021-06-20T23:00:00.000Z
NCD_CHOL_MEANHDL_C,"Mean HDL cholesterol, crude",numeric,EUR,Europe,Country,LUX,Luxembourg,Year,2009,FALSE,Sex,Both sexes,BTSX,,,,,,,,,,1.5,,,1.4,,1.6,1.5 [1.4 – 1.6],,,EN,2021-06-20T23:00:00.000Z
NCD_CHOL_MEANHDL_C,"Mean HDL cholesterol, crude",numeric,EUR,Europe,Country,LUX,Luxembourg,Year,2008,FALSE,Sex,Both sexes,BTSX,,,,,,,,,,1.5,,,1.4,,1.6,1.5 [1.4 – 1.6],,,EN,2021-06-20T23:00:00.000Z
NCD_CHOL_MEANHDL_C,"Mean HDL cholesterol, crude",numeric,EUR,Europe,Country,LUX,Luxembourg,Year,2007,FALSE,Sex,Both sexes,BTSX,,,,,,,,,,1.5,,,1.4,,1.6,1.5 [1.4 – 1.6],,,EN,2021-06-20T23:00:00.000Z
NCD_CHOL_MEANHDL_C,"Mean HDL cholesterol, crude",numeric,EUR,Europe,Country,LUX,Luxembourg,Year,2006,FALSE,Sex,Both sexes,BTSX,,,,,,,,,,1.5,,,1.4,,1.6,1.5 [1.4 – 1.6],,,EN,2021-06-20T23:00:00.000Z
NCD_CHOL_MEANHDL_C,"Mean HDL cholesterol, crude",numeric,EUR,Europe,Country,LUX,Luxembourg,Year,2005,FALSE,Sex,Both sexes,BTSX,,,,,,,,,,1.5,,,1.4,,1.6,1.5 [1.4 – 1.6],,,EN,2021-06-20T23:00:00.000Z
NCD_CHOL_MEANHDL_C,"Mean HDL cholesterol, crude",numeric,EUR,Europe,Country,LUX,Luxembourg,Year,2004,FALSE,Sex,Both sexes,BTSX,,,,,,,,,,1.5,,,1.4,,1.6,1.5 [1.4 – 1.6],,,EN,2021-06-20T23:00:00.000Z
NCD_CHOL_MEANHDL_C,"Mean HDL cholesterol, crude",numeric,EUR,Europe,Country,LUX,Luxembourg,Year,2003,FALSE,Sex,Both sexes,BTSX,,,,,,,,,,1.5,,,1.4,,1.6,1.5 [1.4 – 1.6],,,EN,2021-06-20T23:00:00.000Z
NCD_CHOL_MEANHDL_C,"Mean HDL cholesterol, crude",numeric,EUR,Europe,Country,LUX,Luxembourg,Year,2002,FALSE,Sex,Both sexes,BTSX,,,,,,,,,,1.5,,,1.4,,1.6,1.5 [1.4 – 1.6],,,EN,2021-06-20T23:00:00.000Z
NCD_CHOL_MEANHDL_C,"Mean HDL cholesterol, crude",numeric,EUR,Europe,Country,LUX,Luxembourg,Year,2001,FALSE,Sex,Both sexes,BTSX,,,,,,,,,,1.5,,,1.4,,1.6,1.5 [1.4 – 1.6],,,EN,2021-06-20T23:00:00.000Z
NCD_CHOL_MEANHDL_C,"Mean HDL cholesterol, crude",numeric,EUR,Europe,Country,MLT,Malta,Year,2013,FALSE,Sex,Both sexes,BTSX,,,,,,,,,,1.4,,,1.3,,1.6,1.4 [1.3 – 1.6],,,EN,2021-06-20T23:00:00.000Z
NCD_CHOL_MEANHDL_C,"Mean HDL cholesterol, crude",numeric,EUR,Europe,Country,MLT,Malta,Year,2012,FALSE,Sex,Both sexes,BTSX,,,,,,,,,,1.4,,,1.3,,1.5,1.4 [1.3 – 1.5],,,EN,2021-06-20T23:00:00.000Z
NCD_CHOL_MEANHDL_C,"Mean HDL cholesterol, crude",numeric,EUR,Europe,Country,MLT,Malta,Year,2011,FALSE,Sex,Both sexes,BTSX,,,,,,,,,,1.4,,,1.3,,1.5,1.4 [1.3 – 1.5],,,EN,2021-06-20T23:00:00.000Z
NCD_CHOL_MEANHDL_C,"Mean HDL cholesterol, crude",numeric,EUR,Europe,Country,MLT,Malta,Year,2010,FALSE,Sex,Both sexes,BTSX,,,,,,,,,,1.4,,,1.3,,1.5,1.4 [1.3 – 1.5],,,EN,2021-06-20T23:00:00.000Z
NCD_CHOL_MEANHDL_C,"Mean HDL cholesterol, crude",numeric,EUR,Europe,Country,MLT,Malta,Year,2009,FALSE,Sex,Both sexes,BTSX,,,,,,,,,,1.4,,,1.3,,1.5,1.4 [1.3 – 1.5],,,EN,2021-06-20T23:00:00.000Z
NCD_CHOL_MEANHDL_C,"Mean HDL cholesterol, crude",numeric,EUR,Europe,Country,MLT,Malta,Year,2008,FALSE,Sex,Both sexes,BTSX,,,,,,,,,,1.4,,,1.3,,1.5,1.4 [1.3 – 1.5],,,EN,2021-06-20T23:00:00.000Z
NCD_CHOL_MEANHDL_C,"Mean HDL cholesterol, crude",numeric,EUR,Europe,Country,MLT,Malta,Year,2007,FALSE,Sex,Both sexes,BTSX,,,,,,,,,,1.4,,,1.3,,1.5,1.4 [1.3 – 1.5],,,EN,2021-06-20T23:00:00.000Z
NCD_CHOL_MEANHDL_C,"Mean HDL cholesterol, crude",numeric,EUR,Europe,Country,MLT,Malta,Year,2006,FALSE,Sex,Both sexes,BTSX,,,,,,,,,,1.4,,,1.3,,1.5,1.4 [1.3 – 1.5],,,EN,2021-06-20T23:00:00.000Z
NCD_CHOL_MEANHDL_C,"Mean HDL cholesterol, crude",numeric,EUR,Europe,Country,MLT,Malta,Year,2005,FALSE,Sex,Both sexes,BTSX,,,,,,,,,,1.4,,,1.3,,1.5,1.4 [1.3 – 1.5],,,EN,2021-06-20T23:00:00.000Z
NCD_CHOL_MEANHDL_C,"Mean HDL cholesterol, crude",numeric,EUR,Europe,Country,MLT,Malta,Year,2004,FALSE,Sex,Both sexes,BTSX,,,,,,,,,,1.4,,,1.3,,1.5,1.4 [1.3 – 1.5],,,EN,2021-06-20T23:00:00.000Z
NCD_CHOL_MEANHDL_C,"Mean HDL cholesterol, crude",numeric,EUR,Europe,Country,MLT,Malta,Year,2003,FALSE,Sex,Both sexes,BTSX,,,,,,,,,,1.4,,,1.3,,1.5,1.4 [1.3 – 1.5],,,EN,2021-06-20T23:00:00.000Z
NCD_CHOL_MEANHDL_C,"Mean HDL cholesterol, crude",numeric,EUR,Europe,Country,MLT,Malta,Year,2002,FALSE,Sex,Both sexes,BTSX,,,,,,,,,,1.4,,,1.3,,1.5,1.4 [1.3 – 1.5],,,EN,2021-06-20T23:00:00.000Z
NCD_CHOL_MEANHDL_C,"Mean HDL cholesterol, crude",numeric,EUR,Europe,Country,MLT,Malta,Year,2001,FALSE,Sex,Both sexes,BTSX,,,,,,,,,,1.4,,,1.3,,1.5,1.4 [1.3 – 1.5],,,EN,2021-06-20T23:00:00.000Z
NCD_CHOL_MEANHDL_C,"Mean HDL cholesterol, crude",numeric,EUR,Europe,Country,NLD,Netherlands,Year,2013,FALSE,Sex,Both sexes,BTSX,,,,,,,,,,1.4,,,1.3,,1.4,1.4 [1.3 – 1.4],,,EN,2021-06-20T23:00:00.000Z
NCD_CHOL_MEANHDL_C,"Mean HDL cholesterol, crude",numeric,EUR,Europe,Country,NLD,Netherlands,Year,2012,FALSE,Sex,Both sexes,BTSX,,,,,,,,,,1.4,,,1.3,,1.4,1.4 [1.3 – 1.4],,,EN,2021-06-20T23:00:00.000Z
NCD_CHOL_MEANHDL_C,"Mean HDL cholesterol, crude",numeric,EUR,Europe,Country,NLD,Netherlands,Year,2011,FALSE,Sex,Both sexes,BTSX,,,,,,,,,,1.4,,,1.3,,1.4,1.4 [1.3 – 1.4],,,EN,2021-06-20T23:00:00.000Z
NCD_CHOL_MEANHDL_C,"Mean HDL cholesterol, crude",numeric,EUR,Europe,Country,NLD,Netherlands,Year,2010,FALSE,Sex,Both sexes,BTSX,,,,,,,,,,1.4,,,1.3,,1.4,1.4 [1.3 – 1.4],,,EN,2021-06-20T23:00:00.000Z
NCD_CHOL_MEANHDL_C,"Mean HDL cholesterol, crude",numeric,EUR,Europe,Country,NLD,Netherlands,Year,2009,FALSE,Sex,Both sexes,BTSX,,,,,,,,,,1.4,,,1.3,,1.4,1.4 [1.3 – 1.4],,,EN,2021-06-20T23:00:00.000Z
NCD_CHOL_MEANHDL_C,"Mean HDL cholesterol, crude",numeric,EUR,Europe,Country,NLD,Netherlands,Year,2008,FALSE,Sex,Both sexes,BTSX,,,,,,,,,,1.4,,,1.3,,1.4,1.4 [1.3 – 1.4],,,EN,2021-06-20T23:00:00.000Z
NCD_CHOL_MEANHDL_C,"Mean HDL cholesterol, crude",numeric,EUR,Europe,Country,NLD,Netherlands,Year,2007,FALSE,Sex,Both sexes,BTSX,,,,,,,,,,1.3,,,1.3,,1.4,1.3 [1.3 – 1.4],,,EN,2021-06-20T23:00:00.000Z
NCD_CHOL_MEANHDL_C,"Mean HDL cholesterol, crude",numeric,EUR,Europe,Country,NLD,Netherlands,Year,2006,FALSE,Sex,Both sexes,BTSX,,,,,,,,,,1.3,,,1.3,,1.4,1.3 [1.3 – 1.4],,,EN,2021-06-20T23:00:00.000Z
NCD_CHOL_MEANHDL_C,"Mean HDL cholesterol, crude",numeric,EUR,Europe,Country,NLD,Netherlands,Year,2005,FALSE,Sex,Both sexes,BTSX,,,,,,,,,,1.3,,,1.3,,1.4,1.3 [1.3 – 1.4],,,EN,2021-06-20T23:00:00.000Z
NCD_CHOL_MEANHDL_C,"Mean HDL cholesterol, crude",numeric,EUR,Europe,Country,NLD,Netherlands,Year,2004,FALSE,Sex,Both sexes,BTSX,,,,,,,,,,1.3,,,1.3,,1.4,1.3 [1.3 – 1.4],,,EN,2021-06-20T23:00:00.000Z
NCD_CHOL_MEANHDL_C,"Mean HDL cholesterol, crude",numeric,EUR,Europe,Country,NLD,Netherlands,Year,2003,FALSE,Sex,Both sexes,BTSX,,,,,,,,,,1.3,,,1.3,,1.4,1.3 [1.3 – 1.4],,,EN,2021-06-20T23:00:00.000Z
NCD_CHOL_MEANHDL_C,"Mean HDL cholesterol, crude",numeric,EUR,Europe,Country,NLD,Netherlands,Year,2002,FALSE,Sex,Both sexes,BTSX,,,,,,,,,,1.3,,,1.3,,1.4,1.3 [1.3 – 1.4],,,EN,2021-06-20T23:00:00.000Z
NCD_CHOL_MEANHDL_C,"Mean HDL cholesterol, crude",numeric,EUR,Europe,Country,NLD,Netherlands,Year,2001,FALSE,Sex,Both sexes,BTSX,,,,,,,,,,1.3,,,1.3,,1.4,1.3 [1.3 – 1.4],,,EN,2021-06-20T23:00:00.000Z
NCD_CHOL_MEANHDL_C,"Mean HDL cholesterol, crude",numeric,EUR,Europe,Country,NOR,Norway,Year,2013,FALSE,Sex,Both sexes,BTSX,,,,,,,,,,1.4,,,1.3,,1.5,1.4 [1.3 – 1.5],,,EN,2021-06-20T23:00:00.000Z
NCD_CHOL_MEANHDL_C,"Mean HDL cholesterol, crude",numeric,EUR,Europe,Country,NOR,Norway,Year,2012,FALSE,Sex,Both sexes,BTSX,,,,,,,,,,1.4,,,1.3,,1.5,1.4 [1.3 – 1.5],,,EN,2021-06-20T23:00:00.000Z
NCD_CHOL_MEANHDL_C,"Mean HDL cholesterol, crude",numeric,EUR,Europe,Country,NOR,Norway,Year,2011,FALSE,Sex,Both sexes,BTSX,,,,,,,,,,1.4,,,1.3,,1.5,1.4 [1.3 – 1.5],,,EN,2021-06-20T23:00:00.000Z
NCD_CHOL_MEANHDL_C,"Mean HDL cholesterol, crude",numeric,EUR,Europe,Country,NOR,Norway,Year,2010,FALSE,Sex,Both sexes,BTSX,,,,,,,,,,1.4,,,1.3,,1.5,1.4 [1.3 – 1.5],,,EN,2021-06-20T23:00:00.000Z
NCD_CHOL_MEANHDL_C,"Mean HDL cholesterol, crude",numeric,EUR,Europe,Country,NOR,Norway,Year,2009,FALSE,Sex,Both sexes,BTSX,,,,,,,,,,1.4,,,1.3,,1.5,1.4 [1.3 – 1.5],,,EN,2021-06-20T23:00:00.000Z
NCD_CHOL_MEANHDL_C,"Mean HDL cholesterol, crude",numeric,EUR,Europe,Country,NOR,Norway,Year,2008,FALSE,Sex,Both sexes,BTSX,,,,,,,,,,1.4,,,1.3,,1.4,1.4 [1.3 – 1.4],,,EN,2021-06-20T23:00:00.000Z
NCD_CHOL_MEANHDL_C,"Mean HDL cholesterol, crude",numeric,EUR,Europe,Country,NOR,Norway,Year,2007,FALSE,Sex,Both sexes,BTSX,,,,,,,,,,1.4,,,1.3,,1.4,1.4 [1.3 – 1.4],,,EN,2021-06-20T23:00:00.000Z
NCD_CHOL_MEANHDL_C,"Mean HDL cholesterol, crude",numeric,EUR,Europe,Country,NOR,Norway,Year,2006,FALSE,Sex,Both sexes,BTSX,,,,,,,,,,1.4,,,1.3,,1.4,1.4 [1.3 – 1.4],,,EN,2021-06-20T23:00:00.000Z
NCD_CHOL_MEANHDL_C,"Mean HDL cholesterol, crude",numeric,EUR,Europe,Country,NOR,Norway,Year,2005,FALSE,Sex,Both sexes,BTSX,,,,,,,,,,1.4,,,1.3,,1.4,1.4 [1.3 – 1.4],,,EN,2021-06-20T23:00:00.000Z
NCD_CHOL_MEANHDL_C,"Mean HDL cholesterol, crude",numeric,EUR,Europe,Country,NOR,Norway,Year,2004,FALSE,Sex,Both sexes,BTSX,,,,,,,,,,1.4,,,1.3,,1.4,1.4 [1.3 – 1.4],,,EN,2021-06-20T23:00:00.000Z
NCD_CHOL_MEANHDL_C,"Mean HDL cholesterol, crude",numeric,EUR,Europe,Country,NOR,Norway,Year,2003,FALSE,Sex,Both sexes,BTSX,,,,,,,,,,1.4,,,1.3,,1.4,1.4 [1.3 – 1.4],,,EN,2021-06-20T23:00:00.000Z
NCD_CHOL_MEANHDL_C,"Mean HDL cholesterol, crude",numeric,EUR,Europe,Country,NOR,Norway,Year,2002,FALSE,Sex,Both sexes,BTSX,,,,,,,,,,1.4,,,1.3,,1.4,1.4 [1.3 – 1.4],,,EN,2021-06-20T23:00:00.000Z
NCD_CHOL_MEANHDL_C,"Mean HDL cholesterol, crude",numeric,EUR,Europe,Country,NOR,Norway,Year,2001,FALSE,Sex,Both sexes,BTSX,,,,,,,,,,1.4,,,1.3,,1.4,1.4 [1.3 – 1.4],,,EN,2021-06-20T23:00:00.000Z
NCD_CHOL_MEANHDL_C,"Mean HDL cholesterol, crude",numeric,EUR,Europe,Country,POL,Poland,Year,2013,FALSE,Sex,Both sexes,BTSX,,,,,,,,,,1.4,,,1.4,,1.5,1.4 [1.4 – 1.5],,,EN,2021-06-20T23:00:00.000Z
NCD_CHOL_MEANHDL_C,"Mean HDL cholesterol, crude",numeric,EUR,Europe,Country,POL,Poland,Year,2012,FALSE,Sex,Both sexes,BTSX,,,,,,,,,,1.4,,,1.4,,1.5,1.4 [1.4 – 1.5],,,EN,2021-06-20T23:00:00.000Z
NCD_CHOL_MEANHDL_C,"Mean HDL cholesterol, crude",numeric,EUR,Europe,Country,POL,Poland,Year,2011,FALSE,Sex,Both sexes,BTSX,,,,,,,,,,1.4,,,1.4,,1.5,1.4 [1.4 – 1.5],,,EN,2021-06-20T23:00:00.000Z
NCD_CHOL_MEANHDL_C,"Mean HDL cholesterol, crude",numeric,EUR,Europe,Country,POL,Poland,Year,2010,FALSE,Sex,Both sexes,BTSX,,,,,,,,,,1.4,,,1.4,,1.5,1.4 [1.4 – 1.5],,,EN,2021-06-20T23:00:00.000Z
NCD_CHOL_MEANHDL_C,"Mean HDL cholesterol, crude",numeric,EUR,Europe,Country,POL,Poland,Year,2009,FALSE,Sex,Both sexes,BTSX,,,,,,,,,,1.4,,,1.4,,1.5,1.4 [1.4 – 1.5],,,EN,2021-06-20T23:00:00.000Z
NCD_CHOL_MEANHDL_C,"Mean HDL cholesterol, crude",numeric,EUR,Europe,Country,POL,Poland,Year,2008,FALSE,Sex,Both sexes,BTSX,,,,,,,,,,1.4,,,1.4,,1.5,1.4 [1.4 – 1.5],,,EN,2021-06-20T23:00:00.000Z
NCD_CHOL_MEANHDL_C,"Mean HDL cholesterol, crude",numeric,EUR,Europe,Country,POL,Poland,Year,2007,FALSE,Sex,Both sexes,BTSX,,,,,,,,,,1.4,,,1.4,,1.5,1.4 [1.4 – 1.5],,,EN,2021-06-20T23:00:00.000Z
NCD_CHOL_MEANHDL_C,"Mean HDL cholesterol, crude",numeric,EUR,Europe,Country,POL,Poland,Year,2006,FALSE,Sex,Both sexes,BTSX,,,,,,,,,,1.5,,,1.4,,1.5,1.5 [1.4 – 1.5],,,EN,2021-06-20T23:00:00.000Z
NCD_CHOL_MEANHDL_C,"Mean HDL cholesterol, crude",numeric,EUR,Europe,Country,POL,Poland,Year,2005,FALSE,Sex,Both sexes,BTSX,,,,,,,,,,1.5,,,1.4,,1.5,1.5 [1.4 – 1.5],,,EN,2021-06-20T23:00:00.000Z
NCD_CHOL_MEANHDL_C,"Mean HDL cholesterol, crude",numeric,EUR,Europe,Country,POL,Poland,Year,2004,FALSE,Sex,Both sexes,BTSX,,,,,,,,,,1.5,,,1.4,,1.5,1.5 [1.4 – 1.5],,,EN,2021-06-20T23:00:00.000Z
NCD_CHOL_MEANHDL_C,"Mean HDL cholesterol, crude",numeric,EUR,Europe,Country,POL,Poland,Year,2003,FALSE,Sex,Both sexes,BTSX,,,,,,,,,,1.5,,,1.4,,1.5,1.5 [1.4 – 1.5],,,EN,2021-06-20T23:00:00.000Z
NCD_CHOL_MEANHDL_C,"Mean HDL cholesterol, crude",numeric,EUR,Europe,Country,POL,Poland,Year,2002,FALSE,Sex,Both sexes,BTSX,,,,,,,,,,1.4,,,1.4,,1.5,1.4 [1.4 – 1.5],,,EN,2021-06-20T23:00:00.000Z
NCD_CHOL_MEANHDL_C,"Mean HDL cholesterol, crude",numeric,EUR,Europe,Country,POL,Poland,Year,2001,FALSE,Sex,Both sexes,BTSX,,,,,,,,,,1.4,,,1.4,,1.5,1.4 [1.4 – 1.5],,,EN,2021-06-20T23:00:00.000Z
NCD_CHOL_MEANHDL_C,"Mean HDL cholesterol, crude",numeric,EUR,Europe,Country,PRT,Portugal,Year,2013,FALSE,Sex,Both sexes,BTSX,,,,,,,,,,1.4,,,1.3,,1.5,1.4 [1.3 – 1.5],,,EN,2021-06-20T23:00:00.000Z
NCD_CHOL_MEANHDL_C,"Mean HDL cholesterol, crude",numeric,EUR,Europe,Country,PRT,Portugal,Year,2012,FALSE,Sex,Both sexes,BTSX,,,,,,,,,,1.4,,,1.3,,1.5,1.4 [1.3 – 1.5],,,EN,2021-06-20T23:00:00.000Z
NCD_CHOL_MEANHDL_C,"Mean HDL cholesterol, crude",numeric,EUR,Europe,Country,PRT,Portugal,Year,2011,FALSE,Sex,Both sexes,BTSX,,,,,,,,,,1.4,,,1.3,,1.5,1.4 [1.3 – 1.5],,,EN,2021-06-20T23:00:00.000Z
NCD_CHOL_MEANHDL_C,"Mean HDL cholesterol, crude",numeric,EUR,Europe,Country,PRT,Portugal,Year,2010,FALSE,Sex,Both sexes,BTSX,,,,,,,,,,1.4,,,1.3,,1.5,1.4 [1.3 – 1.5],,,EN,2021-06-20T23:00:00.000Z
NCD_CHOL_MEANHDL_C,"Mean HDL cholesterol, crude",numeric,EUR,Europe,Country,PRT,Portugal,Year,2009,FALSE,Sex,Both sexes,BTSX,,,,,,,,,,1.4,,,1.3,,1.5,1.4 [1.3 – 1.5],,,EN,2021-06-20T23:00:00.000Z
NCD_CHOL_MEANHDL_C,"Mean HDL cholesterol, crude",numeric,EUR,Europe,Country,PRT,Portugal,Year,2008,FALSE,Sex,Both sexes,BTSX,,,,,,,,,,1.4,,,1.3,,1.5,1.4 [1.3 – 1.5],,,EN,2021-06-20T23:00:00.000Z
NCD_CHOL_MEANHDL_C,"Mean HDL cholesterol, crude",numeric,EUR,Europe,Country,PRT,Portugal,Year,2007,FALSE,Sex,Both sexes,BTSX,,,,,,,,,,1.4,,,1.3,,1.5,1.4 [1.3 – 1.5],,,EN,2021-06-20T23:00:00.000Z
NCD_CHOL_MEANHDL_C,"Mean HDL cholesterol, crude",numeric,EUR,Europe,Country,PRT,Portugal,Year,2006,FALSE,Sex,Both sexes,BTSX,,,,,,,,,,1.4,,,1.3,,1.5,1.4 [1.3 – 1.5],,,EN,2021-06-20T23:00:00.000Z
NCD_CHOL_MEANHDL_C,"Mean HDL cholesterol, crude",numeric,EUR,Europe,Country,PRT,Portugal,Year,2005,FALSE,Sex,Both sexes,BTSX,,,,,,,,,,1.4,,,1.3,,1.5,1.4 [1.3 – 1.5],,,EN,2021-06-20T23:00:00.000Z
NCD_CHOL_MEANHDL_C,"Mean HDL cholesterol, crude",numeric,EUR,Europe,Country,PRT,Portugal,Year,2004,FALSE,Sex,Both sexes,BTSX,,,,,,,,,,1.4,,,1.3,,1.5,1.4 [1.3 – 1.5],,,EN,2021-06-20T23:00:00.000Z
NCD_CHOL_MEANHDL_C,"Mean HDL cholesterol, crude",numeric,EUR,Europe,Country,PRT,Portugal,Year,2003,FALSE,Sex,Both sexes,BTSX,,,,,,,,,,1.4,,,1.3,,1.5,1.4 [1.3 – 1.5],,,EN,2021-06-20T23:00:00.000Z
NCD_CHOL_MEANHDL_C,"Mean HDL cholesterol, crude",numeric,EUR,Europe,Country,PRT,Portugal,Year,2002,FALSE,Sex,Both sexes,BTSX,,,,,,,,,,1.4,,,1.3,,1.5,1.4 [1.3 – 1.5],,,EN,2021-06-20T23:00:00.000Z
NCD_CHOL_MEANHDL_C,"Mean HDL cholesterol, crude",numeric,EUR,Europe,Country,PRT,Portugal,Year,2001,FALSE,Sex,Both sexes,BTSX,,,,,,,,,,1.4,,,1.3,,1.5,1.4 [1.3 – 1.5],,,EN,2021-06-20T23:00:00.000Z
NCD_CHOL_MEANHDL_C,"Mean HDL cholesterol, crude",numeric,EUR,Europe,Country,MDA,Republic of Moldova,Year,2013,FALSE,Sex,Both sexes,BTSX,,,,,,,,,,1.3,,,1.2,,1.4,1.3 [1.2 – 1.4],,,EN,2021-06-20T23:00:00.000Z
NCD_CHOL_MEANHDL_C,"Mean HDL cholesterol, crude",numeric,EUR,Europe,Country,MDA,Republic of Moldova,Year,2012,FALSE,Sex,Both sexes,BTSX,,,,,,,,,,1.3,,,1.3,,1.4,1.3 [1.3 – 1.4],,,EN,2021-06-20T23:00:00.000Z
NCD_CHOL_MEANHDL_C,"Mean HDL cholesterol, crude",numeric,EUR,Europe,Country,MDA,Republic of Moldova,Year,2011,FALSE,Sex,Both sexes,BTSX,,,,,,,,,,1.3,,,1.3,,1.4,1.3 [1.3 – 1.4],,,EN,2021-06-20T23:00:00.000Z
NCD_CHOL_MEANHDL_C,"Mean HDL cholesterol, crude",numeric,EUR,Europe,Country,MDA,Republic of Moldova,Year,2010,FALSE,Sex,Both sexes,BTSX,,,,,,,,,,1.3,,,1.3,,1.4,1.3 [1.3 – 1.4],,,EN,2021-06-20T23:00:00.000Z
NCD_CHOL_MEANHDL_C,"Mean HDL cholesterol, crude",numeric,EUR,Europe,Country,MDA,Republic of Moldova,Year,2009,FALSE,Sex,Both sexes,BTSX,,,,,,,,,,1.3,,,1.3,,1.4,1.3 [1.3 – 1.4],,,EN,2021-06-20T23:00:00.000Z
NCD_CHOL_MEANHDL_C,"Mean HDL cholesterol, crude",numeric,EUR,Europe,Country,MDA,Republic of Moldova,Year,2008,FALSE,Sex,Both sexes,BTSX,,,,,,,,,,1.4,,,1.3,,1.4,1.4 [1.3 – 1.4],,,EN,2021-06-20T23:00:00.000Z
NCD_CHOL_MEANHDL_C,"Mean HDL cholesterol, crude",numeric,EUR,Europe,Country,MDA,Republic of Moldova,Year,2007,FALSE,Sex,Both sexes,BTSX,,,,,,,,,,1.4,,,1.3,,1.5,1.4 [1.3 – 1.5],,,EN,2021-06-20T23:00:00.000Z
NCD_CHOL_MEANHDL_C,"Mean HDL cholesterol, crude",numeric,EUR,Europe,Country,MDA,Republic of Moldova,Year,2006,FALSE,Sex,Both sexes,BTSX,,,,,,,,,,1.4,,,1.3,,1.5,1.4 [1.3 – 1.5],,,EN,2021-06-20T23:00:00.000Z
NCD_CHOL_MEANHDL_C,"Mean HDL cholesterol, crude",numeric,EUR,Europe,Country,MDA,Republic of Moldova,Year,2005,FALSE,Sex,Both sexes,BTSX,,,,,,,,,,1.4,,,1.3,,1.5,1.4 [1.3 – 1.5],,,EN,2021-06-20T23:00:00.000Z
NCD_CHOL_MEANHDL_C,"Mean HDL cholesterol, crude",numeric,EUR,Europe,Country,MDA,Republic of Moldova,Year,2004,FALSE,Sex,Both sexes,BTSX,,,,,,,,,,1.4,,,1.3,,1.5,1.4 [1.3 – 1.5],,,EN,2021-06-20T23:00:00.000Z
NCD_CHOL_MEANHDL_C,"Mean HDL cholesterol, crude",numeric,EUR,Europe,Country,MDA,Republic of Moldova,Year,2003,FALSE,Sex,Both sexes,BTSX,,,,,,,,,,1.4,,,1.3,,1.5,1.4 [1.3 – 1.5],,,EN,2021-06-20T23:00:00.000Z
NCD_CHOL_MEANHDL_C,"Mean HDL cholesterol, crude",numeric,EUR,Europe,Country,MDA,Republic of Moldova,Year,2002,FALSE,Sex,Both sexes,BTSX,,,,,,,,,,1.4,,,1.3,,1.5,1.4 [1.3 – 1.5],,,EN,2021-06-20T23:00:00.000Z
NCD_CHOL_MEANHDL_C,"Mean HDL cholesterol, crude",numeric,EUR,Europe,Country,MDA,Republic of Moldova,Year,2001,FALSE,Sex,Both sexes,BTSX,,,,,,,,,,1.4,,,1.3,,1.5,1.4 [1.3 – 1.5],,,EN,2021-06-20T23:00:00.000Z
NCD_CHOL_MEANHDL_C,"Mean HDL cholesterol, crude",numeric,EUR,Europe,Country,ROU,Romania,Year,2013,FALSE,Sex,Both sexes,BTSX,,,,,,,,,,1.4,,,1.3,,1.5,1.4 [1.3 – 1.5],,,EN,2021-06-20T23:00:00.000Z
NCD_CHOL_MEANHDL_C,"Mean HDL cholesterol, crude",numeric,EUR,Europe,Country,ROU,Romania,Year,2012,FALSE,Sex,Both sexes,BTSX,,,,,,,,,,1.4,,,1.3,,1.5,1.4 [1.3 – 1.5],,,EN,2021-06-20T23:00:00.000Z
NCD_CHOL_MEANHDL_C,"Mean HDL cholesterol, crude",numeric,EUR,Europe,Country,ROU,Romania,Year,2011,FALSE,Sex,Both sexes,BTSX,,,,,,,,,,1.4,,,1.3,,1.5,1.4 [1.3 – 1.5],,,EN,2021-06-20T23:00:00.000Z
NCD_CHOL_MEANHDL_C,"Mean HDL cholesterol, crude",numeric,EUR,Europe,Country,ROU,Romania,Year,2010,FALSE,Sex,Both sexes,BTSX,,,,,,,,,,1.4,,,1.3,,1.5,1.4 [1.3 – 1.5],,,EN,2021-06-20T23:00:00.000Z
NCD_CHOL_MEANHDL_C,"Mean HDL cholesterol, crude",numeric,EUR,Europe,Country,ROU,Romania,Year,2009,FALSE,Sex,Both sexes,BTSX,,,,,,,,,,1.4,,,1.3,,1.5,1.4 [1.3 – 1.5],,,EN,2021-06-20T23:00:00.000Z
NCD_CHOL_MEANHDL_C,"Mean HDL cholesterol, crude",numeric,EUR,Europe,Country,ROU,Romania,Year,2008,FALSE,Sex,Both sexes,BTSX,,,,,,,,,,1.4,,,1.3,,1.5,1.4 [1.3 – 1.5],,,EN,2021-06-20T23:00:00.000Z
NCD_CHOL_MEANHDL_C,"Mean HDL cholesterol, crude",numeric,EUR,Europe,Country,ROU,Romania,Year,2007,FALSE,Sex,Both sexes,BTSX,,,,,,,,,,1.4,,,1.3,,1.5,1.4 [1.3 – 1.5],,,EN,2021-06-20T23:00:00.000Z
NCD_CHOL_MEANHDL_C,"Mean HDL cholesterol, crude",numeric,EUR,Europe,Country,ROU,Romania,Year,2006,FALSE,Sex,Both sexes,BTSX,,,,,,,,,,1.4,,,1.3,,1.5,1.4 [1.3 – 1.5],,,EN,2021-06-20T23:00:00.000Z
NCD_CHOL_MEANHDL_C,"Mean HDL cholesterol, crude",numeric,EUR,Europe,Country,ROU,Romania,Year,2005,FALSE,Sex,Both sexes,BTSX,,,,,,,,,,1.4,,,1.3,,1.5,1.4 [1.3 – 1.5],,,EN,2021-06-20T23:00:00.000Z
NCD_CHOL_MEANHDL_C,"Mean HDL cholesterol, crude",numeric,EUR,Europe,Country,ROU,Romania,Year,2004,FALSE,Sex,Both sexes,BTSX,,,,,,,,,,1.4,,,1.3,,1.5,1.4 [1.3 – 1.5],,,EN,2021-06-20T23:00:00.000Z
NCD_CHOL_MEANHDL_C,"Mean HDL cholesterol, crude",numeric,EUR,Europe,Country,ROU,Romania,Year,2003,FALSE,Sex,Both sexes,BTSX,,,,,,,,,,1.4,,,1.3,,1.5,1.4 [1.3 – 1.5],,,EN,2021-06-20T23:00:00.000Z
NCD_CHOL_MEANHDL_C,"Mean HDL cholesterol, crude",numeric,EUR,Europe,Country,ROU,Romania,Year,2002,FALSE,Sex,Both sexes,BTSX,,,,,,,,,,1.4,,,1.3,,1.5,1.4 [1.3 – 1.5],,,EN,2021-06-20T23:00:00.000Z
NCD_CHOL_MEANHDL_C,"Mean HDL cholesterol, crude",numeric,EUR,Europe,Country,ROU,Romania,Year,2001,FALSE,Sex,Both sexes,BTSX,,,,,,,,,,1.4,,,1.3,,1.4,1.4 [1.3 – 1.4],,,EN,2021-06-20T23:00:00.000Z
NCD_CHOL_MEANHDL_C,"Mean HDL cholesterol, crude",numeric,EUR,Europe,Country,RUS,Russian Federation,Year,2013,FALSE,Sex,Both sexes,BTSX,,,,,,,,,,1.4,,,1.3,,1.5,1.4 [1.3 – 1.5],,,EN,2021-06-20T23:00:00.000Z
NCD_CHOL_MEANHDL_C,"Mean HDL cholesterol, crude",numeric,EUR,Europe,Country,RUS,Russian Federation,Year,2012,FALSE,Sex,Both sexes,BTSX,,,,,,,,,,1.4,,,1.3,,1.5,1.4 [1.3 – 1.5],,,EN,2021-06-20T23:00:00.000Z
NCD_CHOL_MEANHDL_C,"Mean HDL cholesterol, crude",numeric,EUR,Europe,Country,RUS,Russian Federation,Year,2011,FALSE,Sex,Both sexes,BTSX,,,,,,,,,,1.4,,,1.3,,1.5,1.4 [1.3 – 1.5],,,EN,2021-06-20T23:00:00.000Z
NCD_CHOL_MEANHDL_C,"Mean HDL cholesterol, crude",numeric,EUR,Europe,Country,RUS,Russian Federation,Year,2010,FALSE,Sex,Both sexes,BTSX,,,,,,,,,,1.4,,,1.3,,1.5,1.4 [1.3 – 1.5],,,EN,2021-06-20T23:00:00.000Z
NCD_CHOL_MEANHDL_C,"Mean HDL cholesterol, crude",numeric,EUR,Europe,Country,RUS,Russian Federation,Year,2009,FALSE,Sex,Both sexes,BTSX,,,,,,,,,,1.4,,,1.3,,1.5,1.4 [1.3 – 1.5],,,EN,2021-06-20T23:00:00.000Z
NCD_CHOL_MEANHDL_C,"Mean HDL cholesterol, crude",numeric,EUR,Europe,Country,RUS,Russian Federation,Year,2008,FALSE,Sex,Both sexes,BTSX,,,,,,,,,,1.4,,,1.3,,1.4,1.4 [1.3 – 1.4],,,EN,2021-06-20T23:00:00.000Z
NCD_CHOL_MEANHDL_C,"Mean HDL cholesterol, crude",numeric,EUR,Europe,Country,RUS,Russian Federation,Year,2007,FALSE,Sex,Both sexes,BTSX,,,,,,,,,,1.4,,,1.3,,1.4,1.4 [1.3 – 1.4],,,EN,2021-06-20T23:00:00.000Z
NCD_CHOL_MEANHDL_C,"Mean HDL cholesterol, crude",numeric,EUR,Europe,Country,RUS,Russian Federation,Year,2006,FALSE,Sex,Both sexes,BTSX,,,,,,,,,,1.4,,,1.3,,1.4,1.4 [1.3 – 1.4],,,EN,2021-06-20T23:00:00.000Z
NCD_CHOL_MEANHDL_C,"Mean HDL cholesterol, crude",numeric,EUR,Europe,Country,RUS,Russian Federation,Year,2005,FALSE,Sex,Both sexes,BTSX,,,,,,,,,,1.4,,,1.3,,1.4,1.4 [1.3 – 1.4],,,EN,2021-06-20T23:00:00.000Z
NCD_CHOL_MEANHDL_C,"Mean HDL cholesterol, crude",numeric,EUR,Europe,Country,RUS,Russian Federation,Year,2004,FALSE,Sex,Both sexes,BTSX,,,,,,,,,,1.4,,,1.3,,1.4,1.4 [1.3 – 1.4],,,EN,2021-06-20T23:00:00.000Z
NCD_CHOL_MEANHDL_C,"Mean HDL cholesterol, crude",numeric,EUR,Europe,Country,RUS,Russian Federation,Year,2003,FALSE,Sex,Both sexes,BTSX,,,,,,,,,,1.4,,,1.3,,1.4,1.4 [1.3 – 1.4],,,EN,2021-06-20T23:00:00.000Z
NCD_CHOL_MEANHDL_C,"Mean HDL cholesterol, crude",numeric,EUR,Europe,Country,RUS,Russian Federation,Year,2002,FALSE,Sex,Both sexes,BTSX,,,,,,,,,,1.3,,,1.3,,1.4,1.3 [1.3 – 1.4],,,EN,2021-06-20T23:00:00.000Z
NCD_CHOL_MEANHDL_C,"Mean HDL cholesterol, crude",numeric,EUR,Europe,Country,RUS,Russian Federation,Year,2001,FALSE,Sex,Both sexes,BTSX,,,,,,,,,,1.3,,,1.3,,1.4,1.3 [1.3 – 1.4],,,EN,2021-06-20T23:00:00.000Z
NCD_CHOL_MEANHDL_C,"Mean HDL cholesterol, crude",numeric,EUR,Europe,Country,SVK,Slovakia,Year,2013,FALSE,Sex,Both sexes,BTSX,,,,,,,,,,1.4,,,1.3,,1.5,1.4 [1.3 – 1.5],,,EN,2021-06-20T23:00:00.000Z
NCD_CHOL_MEANHDL_C,"Mean HDL cholesterol, crude",numeric,EUR,Europe,Country,SVK,Slovakia,Year,2012,FALSE,Sex,Both sexes,BTSX,,,,,,,,,,1.4,,,1.3,,1.4,1.4 [1.3 – 1.4],,,EN,2021-06-20T23:00:00.000Z
NCD_CHOL_MEANHDL_C,"Mean HDL cholesterol, crude",numeric,EUR,Europe,Country,SVK,Slovakia,Year,2011,FALSE,Sex,Both sexes,BTSX,,,,,,,,,,1.4,,,1.3,,1.4,1.4 [1.3 – 1.4],,,EN,2021-06-20T23:00:00.000Z
NCD_CHOL_MEANHDL_C,"Mean HDL cholesterol, crude",numeric,EUR,Europe,Country,SVK,Slovakia,Year,2010,FALSE,Sex,Both sexes,BTSX,,,,,,,,,,1.4,,,1.3,,1.4,1.4 [1.3 – 1.4],,,EN,2021-06-20T23:00:00.000Z
NCD_CHOL_MEANHDL_C,"Mean HDL cholesterol, crude",numeric,EUR,Europe,Country,SVK,Slovakia,Year,2009,FALSE,Sex,Both sexes,BTSX,,,,,,,,,,1.4,,,1.3,,1.4,1.4 [1.3 – 1.4],,,EN,2021-06-20T23:00:00.000Z
NCD_CHOL_MEANHDL_C,"Mean HDL cholesterol, crude",numeric,EUR,Europe,Country,SVK,Slovakia,Year,2008,FALSE,Sex,Both sexes,BTSX,,,,,,,,,,1.4,,,1.3,,1.4,1.4 [1.3 – 1.4],,,EN,2021-06-20T23:00:00.000Z
NCD_CHOL_MEANHDL_C,"Mean HDL cholesterol, crude",numeric,EUR,Europe,Country,SVK,Slovakia,Year,2007,FALSE,Sex,Both sexes,BTSX,,,,,,,,,,1.4,,,1.3,,1.4,1.4 [1.3 – 1.4],,,EN,2021-06-20T23:00:00.000Z
NCD_CHOL_MEANHDL_C,"Mean HDL cholesterol, crude",numeric,EUR,Europe,Country,SVK,Slovakia,Year,2006,FALSE,Sex,Both sexes,BTSX,,,,,,,,,,1.4,,,1.3,,1.4,1.4 [1.3 – 1.4],,,EN,2021-06-20T23:00:00.000Z
NCD_CHOL_MEANHDL_C,"Mean HDL cholesterol, crude",numeric,EUR,Europe,Country,SVK,Slovakia,Year,2005,FALSE,Sex,Both sexes,BTSX,,,,,,,,,,1.4,,,1.3,,1.4,1.4 [1.3 – 1.4],,,EN,2021-06-20T23:00:00.000Z
NCD_CHOL_MEANHDL_C,"Mean HDL cholesterol, crude",numeric,EUR,Europe,Country,SVK,Slovakia,Year,2004,FALSE,Sex,Both sexes,BTSX,,,,,,,,,,1.4,,,1.3,,1.4,1.4 [1.3 – 1.4],,,EN,2021-06-20T23:00:00.000Z
NCD_CHOL_MEANHDL_C,"Mean HDL cholesterol, crude",numeric,EUR,Europe,Country,SVK,Slovakia,Year,2003,FALSE,Sex,Both sexes,BTSX,,,,,,,,,,1.4,,,1.3,,1.4,1.4 [1.3 – 1.4],,,EN,2021-06-20T23:00:00.000Z
NCD_CHOL_MEANHDL_C,"Mean HDL cholesterol, crude",numeric,EUR,Europe,Country,SVK,Slovakia,Year,2002,FALSE,Sex,Both sexes,BTSX,,,,,,,,,,1.4,,,1.3,,1.4,1.4 [1.3 – 1.4],,,EN,2021-06-20T23:00:00.000Z
NCD_CHOL_MEANHDL_C,"Mean HDL cholesterol, crude",numeric,EUR,Europe,Country,SVK,Slovakia,Year,2001,FALSE,Sex,Both sexes,BTSX,,,,,,,,,,1.4,,,1.3,,1.4,1.4 [1.3 – 1.4],,,EN,2021-06-20T23:00:00.000Z
NCD_CHOL_MEANHDL_C,"Mean HDL cholesterol, crude",numeric,EUR,Europe,Country,SVN,Slovenia,Year,2013,FALSE,Sex,Both sexes,BTSX,,,,,,,,,,1.4,,,1.3,,1.5,1.4 [1.3 – 1.5],,,EN,2021-06-20T23:00:00.000Z
NCD_CHOL_MEANHDL_C,"Mean HDL cholesterol, crude",numeric,EUR,Europe,Country,SVN,Slovenia,Year,2012,FALSE,Sex,Both sexes,BTSX,,,,,,,,,,1.4,,,1.3,,1.5,1.4 [1.3 – 1.5],,,EN,2021-06-20T23:00:00.000Z
NCD_CHOL_MEANHDL_C,"Mean HDL cholesterol, crude",numeric,EUR,Europe,Country,SVN,Slovenia,Year,2011,FALSE,Sex,Both sexes,BTSX,,,,,,,,,,1.4,,,1.3,,1.5,1.4 [1.3 – 1.5],,,EN,2021-06-20T23:00:00.000Z
NCD_CHOL_MEANHDL_C,"Mean HDL cholesterol, crude",numeric,EUR,Europe,Country,SVN,Slovenia,Year,2010,FALSE,Sex,Both sexes,BTSX,,,,,,,,,,1.4,,,1.3,,1.5,1.4 [1.3 – 1.5],,,EN,2021-06-20T23:00:00.000Z
NCD_CHOL_MEANHDL_C,"Mean HDL cholesterol, crude",numeric,EUR,Europe,Country,SVN,Slovenia,Year,2009,FALSE,Sex,Both sexes,BTSX,,,,,,,,,,1.4,,,1.3,,1.5,1.4 [1.3 – 1.5],,,EN,2021-06-20T23:00:00.000Z
NCD_CHOL_MEANHDL_C,"Mean HDL cholesterol, crude",numeric,EUR,Europe,Country,SVN,Slovenia,Year,2008,FALSE,Sex,Both sexes,BTSX,,,,,,,,,,1.4,,,1.3,,1.5,1.4 [1.3 – 1.5],,,EN,2021-06-20T23:00:00.000Z
NCD_CHOL_MEANHDL_C,"Mean HDL cholesterol, crude",numeric,EUR,Europe,Country,SVN,Slovenia,Year,2007,FALSE,Sex,Both sexes,BTSX,,,,,,,,,,1.4,,,1.3,,1.5,1.4 [1.3 – 1.5],,,EN,2021-06-20T23:00:00.000Z
NCD_CHOL_MEANHDL_C,"Mean HDL cholesterol, crude",numeric,EUR,Europe,Country,SVN,Slovenia,Year,2006,FALSE,Sex,Both sexes,BTSX,,,,,,,,,,1.4,,,1.3,,1.5,1.4 [1.3 – 1.5],,,EN,2021-06-20T23:00:00.000Z
NCD_CHOL_MEANHDL_C,"Mean HDL cholesterol, crude",numeric,EUR,Europe,Country,SVN,Slovenia,Year,2005,FALSE,Sex,Both sexes,BTSX,,,,,,,,,,1.4,,,1.3,,1.5,1.4 [1.3 – 1.5],,,EN,2021-06-20T23:00:00.000Z
NCD_CHOL_MEANHDL_C,"Mean HDL cholesterol, crude",numeric,EUR,Europe,Country,SVN,Slovenia,Year,2004,FALSE,Sex,Both sexes,BTSX,,,,,,,,,,1.4,,,1.3,,1.5,1.4 [1.3 – 1.5],,,EN,2021-06-20T23:00:00.000Z
NCD_CHOL_MEANHDL_C,"Mean HDL cholesterol, crude",numeric,EUR,Europe,Country,SVN,Slovenia,Year,2003,FALSE,Sex,Both sexes,BTSX,,,,,,,,,,1.4,,,1.3,,1.5,1.4 [1.3 – 1.5],,,EN,2021-06-20T23:00:00.000Z
NCD_CHOL_MEANHDL_C,"Mean HDL cholesterol, crude",numeric,EUR,Europe,Country,SVN,Slovenia,Year,2002,FALSE,Sex,Both sexes,BTSX,,,,,,,,,,1.4,,,1.3,,1.5,1.4 [1.3 – 1.5],,,EN,2021-06-20T23:00:00.000Z
NCD_CHOL_MEANHDL_C,"Mean HDL cholesterol, crude",numeric,EUR,Europe,Country,SVN,Slovenia,Year,2001,FALSE,Sex,Both sexes,BTSX,,,,,,,,,,1.4,,,1.3,,1.5,1.4 [1.3 – 1.5],,,EN,2021-06-20T23:00:00.000Z
NCD_CHOL_MEANHDL_C,"Mean HDL cholesterol, crude",numeric,EUR,Europe,Country,ESP,Spain,Year,2013,FALSE,Sex,Both sexes,BTSX,,,,,,,,,,1.4,,,1.3,,1.5,1.4 [1.3 – 1.5],,,EN,2021-06-20T23:00:00.000Z
NCD_CHOL_MEANHDL_C,"Mean HDL cholesterol, crude",numeric,EUR,Europe,Country,ESP,Spain,Year,2012,FALSE,Sex,Both sexes,BTSX,,,,,,,,,,1.4,,,1.4,,1.4,1.4 [1.4 – 1.4],,,EN,2021-06-20T23:00:00.000Z
NCD_CHOL_MEANHDL_C,"Mean HDL cholesterol, crude",numeric,EUR,Europe,Country,ESP,Spain,Year,2011,FALSE,Sex,Both sexes,BTSX,,,,,,,,,,1.4,,,1.4,,1.4,1.4 [1.4 – 1.4],,,EN,2021-06-20T23:00:00.000Z
NCD_CHOL_MEANHDL_C,"Mean HDL cholesterol, crude",numeric,EUR,Europe,Country,ESP,Spain,Year,2010,FALSE,Sex,Both sexes,BTSX,,,,,,,,,,1.4,,,1.4,,1.4,1.4 [1.4 – 1.4],,,EN,2021-06-20T23:00:00.000Z
NCD_CHOL_MEANHDL_C,"Mean HDL cholesterol, crude",numeric,EUR,Europe,Country,ESP,Spain,Year,2009,FALSE,Sex,Both sexes,BTSX,,,,,,,,,,1.4,,,1.4,,1.4,1.4 [1.4 – 1.4],,,EN,2021-06-20T23:00:00.000Z
NCD_CHOL_MEANHDL_C,"Mean HDL cholesterol, crude",numeric,EUR,Europe,Country,ESP,Spain,Year,2008,FALSE,Sex,Both sexes,BTSX,,,,,,,,,,1.4,,,1.4,,1.4,1.4 [1.4 – 1.4],,,EN,2021-06-20T23:00:00.000Z
NCD_CHOL_MEANHDL_C,"Mean HDL cholesterol, crude",numeric,EUR,Europe,Country,ESP,Spain,Year,2007,FALSE,Sex,Both sexes,BTSX,,,,,,,,,,1.4,,,1.4,,1.4,1.4 [1.4 – 1.4],,,EN,2021-06-20T23:00:00.000Z
NCD_CHOL_MEANHDL_C,"Mean HDL cholesterol, crude",numeric,EUR,Europe,Country,ESP,Spain,Year,2006,FALSE,Sex,Both sexes,BTSX,,,,,,,,,,1.4,,,1.4,,1.4,1.4 [1.4 – 1.4],,,EN,2021-06-20T23:00:00.000Z
NCD_CHOL_MEANHDL_C,"Mean HDL cholesterol, crude",numeric,EUR,Europe,Country,ESP,Spain,Year,2005,FALSE,Sex,Both sexes,BTSX,,,,,,,,,,1.4,,,1.4,,1.4,1.4 [1.4 – 1.4],,,EN,2021-06-20T23:00:00.000Z
NCD_CHOL_MEANHDL_C,"Mean HDL cholesterol, crude",numeric,EUR,Europe,Country,ESP,Spain,Year,2004,FALSE,Sex,Both sexes,BTSX,,,,,,,,,,1.4,,,1.4,,1.4,1.4 [1.4 – 1.4],,,EN,2021-06-20T23:00:00.000Z
NCD_CHOL_MEANHDL_C,"Mean HDL cholesterol, crude",numeric,EUR,Europe,Country,ESP,Spain,Year,2003,FALSE,Sex,Both sexes,BTSX,,,,,,,,,,1.4,,,1.4,,1.4,1.4 [1.4 – 1.4],,,EN,2021-06-20T23:00:00.000Z
NCD_CHOL_MEANHDL_C,"Mean HDL cholesterol, crude",numeric,EUR,Europe,Country,ESP,Spain,Year,2002,FALSE,Sex,Both sexes,BTSX,,,,,,,,,,1.4,,,1.3,,1.4,1.4 [1.3 – 1.4],,,EN,2021-06-20T23:00:00.000Z
NCD_CHOL_MEANHDL_C,"Mean HDL cholesterol, crude",numeric,EUR,Europe,Country,ESP,Spain,Year,2001,FALSE,Sex,Both sexes,BTSX,,,,,,,,,,1.4,,,1.3,,1.4,1.4 [1.3 – 1.4],,,EN,2021-06-20T23:00:00.000Z
NCD_CHOL_MEANHDL_C,"Mean HDL cholesterol, crude",numeric,EUR,Europe,Country,SWE,Sweden,Year,2013,FALSE,Sex,Both sexes,BTSX,,,,,,,,,,1.5,,,1.4,,1.5,1.5 [1.4 – 1.5],,,EN,2021-06-20T23:00:00.000Z
NCD_CHOL_MEANHDL_C,"Mean HDL cholesterol, crude",numeric,EUR,Europe,Country,SWE,Sweden,Year,2012,FALSE,Sex,Both sexes,BTSX,,,,,,,,,,1.5,,,1.4,,1.5,1.5 [1.4 – 1.5],,,EN,2021-06-20T23:00:00.000Z
NCD_CHOL_MEANHDL_C,"Mean HDL cholesterol, crude",numeric,EUR,Europe,Country,SWE,Sweden,Year,2011,FALSE,Sex,Both sexes,BTSX,,,,,,,,,,1.5,,,1.4,,1.5,1.5 [1.4 – 1.5],,,EN,2021-06-20T23:00:00.000Z
NCD_CHOL_MEANHDL_C,"Mean HDL cholesterol, crude",numeric,EUR,Europe,Country,SWE,Sweden,Year,2010,FALSE,Sex,Both sexes,BTSX,,,,,,,,,,1.5,,,1.4,,1.5,1.5 [1.4 – 1.5],,,EN,2021-06-20T23:00:00.000Z
NCD_CHOL_MEANHDL_C,"Mean HDL cholesterol, crude",numeric,EUR,Europe,Country,SWE,Sweden,Year,2009,FALSE,Sex,Both sexes,BTSX,,,,,,,,,,1.4,,,1.4,,1.5,1.4 [1.4 – 1.5],,,EN,2021-06-20T23:00:00.000Z
NCD_CHOL_MEANHDL_C,"Mean HDL cholesterol, crude",numeric,EUR,Europe,Country,SWE,Sweden,Year,2008,FALSE,Sex,Both sexes,BTSX,,,,,,,,,,1.4,,,1.4,,1.5,1.4 [1.4 – 1.5],,,EN,2021-06-20T23:00:00.000Z
NCD_CHOL_MEANHDL_C,"Mean HDL cholesterol, crude",numeric,EUR,Europe,Country,SWE,Sweden,Year,2007,FALSE,Sex,Both sexes,BTSX,,,,,,,,,,1.4,,,1.4,,1.5,1.4 [1.4 – 1.5],,,EN,2021-06-20T23:00:00.000Z
NCD_CHOL_MEANHDL_C,"Mean HDL cholesterol, crude",numeric,EUR,Europe,Country,SWE,Sweden,Year,2006,FALSE,Sex,Both sexes,BTSX,,,,,,,,,,1.4,,,1.4,,1.5,1.4 [1.4 – 1.5],,,EN,2021-06-20T23:00:00.000Z
NCD_CHOL_MEANHDL_C,"Mean HDL cholesterol, crude",numeric,EUR,Europe,Country,SWE,Sweden,Year,2005,FALSE,Sex,Both sexes,BTSX,,,,,,,,,,1.4,,,1.4,,1.5,1.4 [1.4 – 1.5],,,EN,2021-06-20T23:00:00.000Z
NCD_CHOL_MEANHDL_C,"Mean HDL cholesterol, crude",numeric,EUR,Europe,Country,SWE,Sweden,Year,2004,FALSE,Sex,Both sexes,BTSX,,,,,,,,,,1.4,,,1.4,,1.5,1.4 [1.4 – 1.5],,,EN,2021-06-20T23:00:00.000Z
NCD_CHOL_MEANHDL_C,"Mean HDL cholesterol, crude",numeric,EUR,Europe,Country,SWE,Sweden,Year,2003,FALSE,Sex,Both sexes,BTSX,,,,,,,,,,1.4,,,1.4,,1.5,1.4 [1.4 – 1.5],,,EN,2021-06-20T23:00:00.000Z
NCD_CHOL_MEANHDL_C,"Mean HDL cholesterol, crude",numeric,EUR,Europe,Country,SWE,Sweden,Year,2002,FALSE,Sex,Both sexes,BTSX,,,,,,,,,,1.4,,,1.4,,1.5,1.4 [1.4 – 1.5],,,EN,2021-06-20T23:00:00.000Z
NCD_CHOL_MEANHDL_C,"Mean HDL cholesterol, crude",numeric,EUR,Europe,Country,SWE,Sweden,Year,2001,FALSE,Sex,Both sexes,BTSX,,,,,,,,,,1.4,,,1.4,,1.4,1.4 [1.4 – 1.4],,,EN,2021-06-20T23:00:00.000Z
NCD_CHOL_MEANHDL_C,"Mean HDL cholesterol, crude",numeric,EUR,Europe,Country,CHE,Switzerland,Year,2013,FALSE,Sex,Both sexes,BTSX,,,,,,,,,,1.5,,,1.4,,1.5,1.5 [1.4 – 1.5],,,EN,2021-06-20T23:00:00.000Z
NCD_CHOL_MEANHDL_C,"Mean HDL cholesterol, crude",numeric,EUR,Europe,Country,CHE,Switzerland,Year,2012,FALSE,Sex,Both sexes,BTSX,,,,,,,,,,1.5,,,1.4,,1.5,1.5 [1.4 – 1.5],,,EN,2021-06-20T23:00:00.000Z
NCD_CHOL_MEANHDL_C,"Mean HDL cholesterol, crude",numeric,EUR,Europe,Country,CHE,Switzerland,Year,2011,FALSE,Sex,Both sexes,BTSX,,,,,,,,,,1.4,,,1.4,,1.5,1.4 [1.4 – 1.5],,,EN,2021-06-20T23:00:00.000Z
NCD_CHOL_MEANHDL_C,"Mean HDL cholesterol, crude",numeric,EUR,Europe,Country,CHE,Switzerland,Year,2010,FALSE,Sex,Both sexes,BTSX,,,,,,,,,,1.4,,,1.4,,1.5,1.4 [1.4 – 1.5],,,EN,2021-06-20T23:00:00.000Z
NCD_CHOL_MEANHDL_C,"Mean HDL cholesterol, crude",numeric,EUR,Europe,Country,CHE,Switzerland,Year,2009,FALSE,Sex,Both sexes,BTSX,,,,,,,,,,1.4,,,1.4,,1.5,1.4 [1.4 – 1.5],,,EN,2021-06-20T23:00:00.000Z
NCD_CHOL_MEANHDL_C,"Mean HDL cholesterol, crude",numeric,EUR,Europe,Country,CHE,Switzerland,Year,2008,FALSE,Sex,Both sexes,BTSX,,,,,,,,,,1.4,,,1.4,,1.5,1.4 [1.4 – 1.5],,,EN,2021-06-20T23:00:00.000Z
NCD_CHOL_MEANHDL_C,"Mean HDL cholesterol, crude",numeric,EUR,Europe,Country,CHE,Switzerland,Year,2007,FALSE,Sex,Both sexes,BTSX,,,,,,,,,,1.4,,,1.4,,1.5,1.4 [1.4 – 1.5],,,EN,2021-06-20T23:00:00.000Z
NCD_CHOL_MEANHDL_C,"Mean HDL cholesterol, crude",numeric,EUR,Europe,Country,CHE,Switzerland,Year,2006,FALSE,Sex,Both sexes,BTSX,,,,,,,,,,1.4,,,1.4,,1.5,1.4 [1.4 – 1.5],,,EN,2021-06-20T23:00:00.000Z
NCD_CHOL_MEANHDL_C,"Mean HDL cholesterol, crude",numeric,EUR,Europe,Country,CHE,Switzerland,Year,2005,FALSE,Sex,Both sexes,BTSX,,,,,,,,,,1.4,,,1.4,,1.5,1.4 [1.4 – 1.5],,,EN,2021-06-20T23:00:00.000Z
NCD_CHOL_MEANHDL_C,"Mean HDL cholesterol, crude",numeric,EUR,Europe,Country,CHE,Switzerland,Year,2004,FALSE,Sex,Both sexes,BTSX,,,,,,,,,,1.4,,,1.4,,1.5,1.4 [1.4 – 1.5],,,EN,2021-06-20T23:00:00.000Z
NCD_CHOL_MEANHDL_C,"Mean HDL cholesterol, crude",numeric,EUR,Europe,Country,CHE,Switzerland,Year,2003,FALSE,Sex,Both sexes,BTSX,,,,,,,,,,1.4,,,1.4,,1.5,1.4 [1.4 – 1.5],,,EN,2021-06-20T23:00:00.000Z
NCD_CHOL_MEANHDL_C,"Mean HDL cholesterol, crude",numeric,EUR,Europe,Country,CHE,Switzerland,Year,2002,FALSE,Sex,Both sexes,BTSX,,,,,,,,,,1.4,,,1.4,,1.5,1.4 [1.4 – 1.5],,,EN,2021-06-20T23:00:00.000Z
NCD_CHOL_MEANHDL_C,"Mean HDL cholesterol, crude",numeric,EUR,Europe,Country,CHE,Switzerland,Year,2001,FALSE,Sex,Both sexes,BTSX,,,,,,,,,,1.4,,,1.4,,1.5,1.4 [1.4 – 1.5],,,EN,2021-06-20T23:00:00.000Z
NCD_CHOL_MEANHDL_C,"Mean HDL cholesterol, crude",numeric,EUR,Europe,Country,TUR,Turkey,Year,2013,FALSE,Sex,Both sexes,BTSX,,,,,,,,,,1.2,,,1.2,,1.2,1.2 [1.2 – 1.2],,,EN,2021-06-20T23:00:00.000Z
NCD_CHOL_MEANHDL_C,"Mean HDL cholesterol, crude",numeric,EUR,Europe,Country,TUR,Turkey,Year,2012,FALSE,Sex,Both sexes,BTSX,,,,,,,,,,1.2,,,1.2,,1.2,1.2 [1.2 – 1.2],,,EN,2021-06-20T23:00:00.000Z
NCD_CHOL_MEANHDL_C,"Mean HDL cholesterol, crude",numeric,EUR,Europe,Country,TUR,Turkey,Year,2011,FALSE,Sex,Both sexes,BTSX,,,,,,,,,,1.2,,,1.2,,1.2,1.2 [1.2 – 1.2],,,EN,2021-06-20T23:00:00.000Z
NCD_CHOL_MEANHDL_C,"Mean HDL cholesterol, crude",numeric,EUR,Europe,Country,TUR,Turkey,Year,2010,FALSE,Sex,Both sexes,BTSX,,,,,,,,,,1.2,,,1.1,,1.2,1.2 [1.1 – 1.2],,,EN,2021-06-20T23:00:00.000Z
NCD_CHOL_MEANHDL_C,"Mean HDL cholesterol, crude",numeric,EUR,Europe,Country,TUR,Turkey,Year,2009,FALSE,Sex,Both sexes,BTSX,,,,,,,,,,1.2,,,1.1,,1.2,1.2 [1.1 – 1.2],,,EN,2021-06-20T23:00:00.000Z
NCD_CHOL_MEANHDL_C,"Mean HDL cholesterol, crude",numeric,EUR,Europe,Country,TUR,Turkey,Year,2008,FALSE,Sex,Both sexes,BTSX,,,,,,,,,,1.2,,,1.1,,1.2,1.2 [1.1 – 1.2],,,EN,2021-06-20T23:00:00.000Z
NCD_CHOL_MEANHDL_C,"Mean HDL cholesterol, crude",numeric,EUR,Europe,Country,TUR,Turkey,Year,2007,FALSE,Sex,Both sexes,BTSX,,,,,,,,,,1.2,,,1.1,,1.2,1.2 [1.1 – 1.2],,,EN,2021-06-20T23:00:00.000Z
NCD_CHOL_MEANHDL_C,"Mean HDL cholesterol, crude",numeric,EUR,Europe,Country,TUR,Turkey,Year,2006,FALSE,Sex,Both sexes,BTSX,,,,,,,,,,1.2,,,1.1,,1.2,1.2 [1.1 – 1.2],,,EN,2021-06-20T23:00:00.000Z
NCD_CHOL_MEANHDL_C,"Mean HDL cholesterol, crude",numeric,EUR,Europe,Country,TUR,Turkey,Year,2005,FALSE,Sex,Both sexes,BTSX,,,,,,,,,,1.2,,,1.1,,1.2,1.2 [1.1 – 1.2],,,EN,2021-06-20T23:00:00.000Z
NCD_CHOL_MEANHDL_C,"Mean HDL cholesterol, crude",numeric,EUR,Europe,Country,TUR,Turkey,Year,2004,FALSE,Sex,Both sexes,BTSX,,,,,,,,,,1.1,,,1.1,,1.2,1.1 [1.1 – 1.2],,,EN,2021-06-20T23:00:00.000Z
NCD_CHOL_MEANHDL_C,"Mean HDL cholesterol, crude",numeric,EUR,Europe,Country,TUR,Turkey,Year,2003,FALSE,Sex,Both sexes,BTSX,,,,,,,,,,1.1,,,1.1,,1.2,1.1 [1.1 – 1.2],,,EN,2021-06-20T23:00:00.000Z
NCD_CHOL_MEANHDL_C,"Mean HDL cholesterol, crude",numeric,EUR,Europe,Country,TUR,Turkey,Year,2002,FALSE,Sex,Both sexes,BTSX,,,,,,,,,,1.1,,,1.1,,1.2,1.1 [1.1 – 1.2],,,EN,2021-06-20T23:00:00.000Z
NCD_CHOL_MEANHDL_C,"Mean HDL cholesterol, crude",numeric,EUR,Europe,Country,TUR,Turkey,Year,2001,FALSE,Sex,Both sexes,BTSX,,,,,,,,,,1.1,,,1.1,,1.2,1.1 [1.1 – 1.2],,,EN,2021-06-20T23:00:00.000Z
NCD_CHOL_MEANHDL_C,"Mean HDL cholesterol, crude",numeric,EUR,Europe,Country,UKR,Ukraine,Year,2013,FALSE,Sex,Both sexes,BTSX,,,,,,,,,,1.4,,,1.3,,1.6,1.4 [1.3 – 1.6],,,EN,2021-06-20T23:00:00.000Z
NCD_CHOL_MEANHDL_C,"Mean HDL cholesterol, crude",numeric,EUR,Europe,Country,UKR,Ukraine,Year,2012,FALSE,Sex,Both sexes,BTSX,,,,,,,,,,1.4,,,1.3,,1.5,1.4 [1.3 – 1.5],,,EN,2021-06-20T23:00:00.000Z
NCD_CHOL_MEANHDL_C,"Mean HDL cholesterol, crude",numeric,EUR,Europe,Country,UKR,Ukraine,Year,2011,FALSE,Sex,Both sexes,BTSX,,,,,,,,,,1.4,,,1.3,,1.5,1.4 [1.3 – 1.5],,,EN,2021-06-20T23:00:00.000Z
NCD_CHOL_MEANHDL_C,"Mean HDL cholesterol, crude",numeric,EUR,Europe,Country,UKR,Ukraine,Year,2010,FALSE,Sex,Both sexes,BTSX,,,,,,,,,,1.4,,,1.3,,1.5,1.4 [1.3 – 1.5],,,EN,2021-06-20T23:00:00.000Z
NCD_CHOL_MEANHDL_C,"Mean HDL cholesterol, crude",numeric,EUR,Europe,Country,UKR,Ukraine,Year,2009,FALSE,Sex,Both sexes,BTSX,,,,,,,,,,1.4,,,1.3,,1.5,1.4 [1.3 – 1.5],,,EN,2021-06-20T23:00:00.000Z
NCD_CHOL_MEANHDL_C,"Mean HDL cholesterol, crude",numeric,EUR,Europe,Country,UKR,Ukraine,Year,2008,FALSE,Sex,Both sexes,BTSX,,,,,,,,,,1.4,,,1.3,,1.5,1.4 [1.3 – 1.5],,,EN,2021-06-20T23:00:00.000Z
NCD_CHOL_MEANHDL_C,"Mean HDL cholesterol, crude",numeric,EUR,Europe,Country,UKR,Ukraine,Year,2007,FALSE,Sex,Both sexes,BTSX,,,,,,,,,,1.4,,,1.3,,1.5,1.4 [1.3 – 1.5],,,EN,2021-06-20T23:00:00.000Z
NCD_CHOL_MEANHDL_C,"Mean HDL cholesterol, crude",numeric,EUR,Europe,Country,UKR,Ukraine,Year,2006,FALSE,Sex,Both sexes,BTSX,,,,,,,,,,1.4,,,1.3,,1.5,1.4 [1.3 – 1.5],,,EN,2021-06-20T23:00:00.000Z
NCD_CHOL_MEANHDL_C,"Mean HDL cholesterol, crude",numeric,EUR,Europe,Country,UKR,Ukraine,Year,2005,FALSE,Sex,Both sexes,BTSX,,,,,,,,,,1.4,,,1.3,,1.5,1.4 [1.3 – 1.5],,,EN,2021-06-20T23:00:00.000Z
NCD_CHOL_MEANHDL_C,"Mean HDL cholesterol, crude",numeric,EUR,Europe,Country,UKR,Ukraine,Year,2004,FALSE,Sex,Both sexes,BTSX,,,,,,,,,,1.4,,,1.3,,1.5,1.4 [1.3 – 1.5],,,EN,2021-06-20T23:00:00.000Z
NCD_CHOL_MEANHDL_C,"Mean HDL cholesterol, crude",numeric,EUR,Europe,Country,UKR,Ukraine,Year,2003,FALSE,Sex,Both sexes,BTSX,,,,,,,,,,1.4,,,1.3,,1.5,1.4 [1.3 – 1.5],,,EN,2021-06-20T23:00:00.000Z
NCD_CHOL_MEANHDL_C,"Mean HDL cholesterol, crude",numeric,EUR,Europe,Country,UKR,Ukraine,Year,2002,FALSE,Sex,Both sexes,BTSX,,,,,,,,,,1.4,,,1.3,,1.5,1.4 [1.3 – 1.5],,,EN,2021-06-20T23:00:00.000Z
NCD_CHOL_MEANHDL_C,"Mean HDL cholesterol, crude",numeric,EUR,Europe,Country,UKR,Ukraine,Year,2001,FALSE,Sex,Both sexes,BTSX,,,,,,,,,,1.4,,,1.3,,1.5,1.4 [1.3 – 1.5],,,EN,2021-06-20T23:00:00.000Z
NCD_CHOL_MEANHDL_C,"Mean HDL cholesterol, crude",numeric,EUR,Europe,Country,GBR,United Kingdom,Year,2013,FALSE,Sex,Both sexes,BTSX,,,,,,,,,,1.5,,,1.5,,1.5,1.5 [1.5 – 1.5],,,EN,2021-06-20T23:00:00.000Z
NCD_CHOL_MEANHDL_C,"Mean HDL cholesterol, crude",numeric,EUR,Europe,Country,GBR,United Kingdom,Year,2012,FALSE,Sex,Both sexes,BTSX,,,,,,,,,,1.5,,,1.5,,1.5,1.5 [1.5 – 1.5],,,EN,2021-06-20T23:00:00.000Z
NCD_CHOL_MEANHDL_C,"Mean HDL cholesterol, crude",numeric,EUR,Europe,Country,GBR,United Kingdom,Year,2011,FALSE,Sex,Both sexes,BTSX,,,,,,,,,,1.5,,,1.5,,1.5,1.5 [1.5 – 1.5],,,EN,2021-06-20T23:00:00.000Z
NCD_CHOL_MEANHDL_C,"Mean HDL cholesterol, crude",numeric,EUR,Europe,Country,GBR,United Kingdom,Year,2010,FALSE,Sex,Both sexes,BTSX,,,,,,,,,,1.5,,,1.4,,1.5,1.5 [1.4 – 1.5],,,EN,2021-06-20T23:00:00.000Z
NCD_CHOL_MEANHDL_C,"Mean HDL cholesterol, crude",numeric,EUR,Europe,Country,GBR,United Kingdom,Year,2009,FALSE,Sex,Both sexes,BTSX,,,,,,,,,,1.5,,,1.4,,1.5,1.5 [1.4 – 1.5],,,EN,2021-06-20T23:00:00.000Z
NCD_CHOL_MEANHDL_C,"Mean HDL cholesterol, crude",numeric,EUR,Europe,Country,GBR,United Kingdom,Year,2008,FALSE,Sex,Both sexes,BTSX,,,,,,,,,,1.5,,,1.4,,1.5,1.5 [1.4 – 1.5],,,EN,2021-06-20T23:00:00.000Z
NCD_CHOL_MEANHDL_C,"Mean HDL cholesterol, crude",numeric,EUR,Europe,Country,GBR,United Kingdom,Year,2007,FALSE,Sex,Both sexes,BTSX,,,,,,,,,,1.5,,,1.4,,1.5,1.5 [1.4 – 1.5],,,EN,2021-06-20T23:00:00.000Z
NCD_CHOL_MEANHDL_C,"Mean HDL cholesterol, crude",numeric,EUR,Europe,Country,GBR,United Kingdom,Year,2006,FALSE,Sex,Both sexes,BTSX,,,,,,,,,,1.4,,,1.4,,1.5,1.4 [1.4 – 1.5],,,EN,2021-06-20T23:00:00.000Z
NCD_CHOL_MEANHDL_C,"Mean HDL cholesterol, crude",numeric,EUR,Europe,Country,GBR,United Kingdom,Year,2005,FALSE,Sex,Both sexes,BTSX,,,,,,,,,,1.4,,,1.4,,1.5,1.4 [1.4 – 1.5],,,EN,2021-06-20T23:00:00.000Z
NCD_CHOL_MEANHDL_C,"Mean HDL cholesterol, crude",numeric,EUR,Europe,Country,GBR,United Kingdom,Year,2004,FALSE,Sex,Both sexes,BTSX,,,,,,,,,,1.4,,,1.4,,1.5,1.4 [1.4 – 1.5],,,EN,2021-06-20T23:00:00.000Z
NCD_CHOL_MEANHDL_C,"Mean HDL cholesterol, crude",numeric,EUR,Europe,Country,GBR,United Kingdom,Year,2003,FALSE,Sex,Both sexes,BTSX,,,,,,,,,,1.4,,,1.4,,1.5,1.4 [1.4 – 1.5],,,EN,2021-06-20T23:00:00.000Z
NCD_CHOL_MEANHDL_C,"Mean HDL cholesterol, crude",numeric,EUR,Europe,Country,GBR,United Kingdom,Year,2002,FALSE,Sex,Both sexes,BTSX,,,,,,,,,,1.4,,,1.4,,1.4,1.4 [1.4 – 1.4],,,EN,2021-06-20T23:00:00.000Z
NCD_CHOL_MEANHDL_C,"Mean HDL cholesterol, crude",numeric,EUR,Europe,Country,GBR,United Kingdom,Year,2001,FALSE,Sex,Both sexes,BTSX,,,,,,,,,,1.4,,,1.4,,1.4,1.4 [1.4 – 1.4],,,EN,2021-06-20T23:00:00.000Z
